cycle,branch,model,modeldate,candidate_inc,candidate_chal,candidate_3rd,ecwin_inc,ecwin_chal,ecwin_3rd,ec_nomajority,popwin_inc,popwin_chal,popwin_3rd,ev_inc,ev_chal,ev_3rd,ev_inc_hi,ev_chal_hi,ev_3rd_hi,ev_inc_lo,ev_chal_lo,ev_3rd_lo,national_voteshare_inc,national_voteshare_chal,national_voteshare_3rd,nat_voteshare_other,national_voteshare_inc_hi,national_voteshare_chal_hi,national_voteshare_3rd_hi,nat_voteshare_other_hi,national_voteshare_inc_lo,national_voteshare_chal_lo,national_voteshare_3rd_lo,nat_voteshare_other_lo,national_turnout,national_turnout_hi,national_turnout_lo,timestamp,simulations
2020,President,polls-plus,10/2/2020,Trump,Biden,"",.202,.792625,,.005375,.099875,.900125,,205.0006,332.9994,,308,427,,111,230,,45.88596,52.83646,,1.277588,49.35975,56.29277,,1.951813,42.44417,49.35803,,.6870012,1.41e+08,1.51e+08,1.31e+08,16:34:03  2 Oct 2020,40000
2020,President,polls-plus,10/1/2020,Trump,Biden,"",.196175,.799275,,.00455,.09855,.90145,,202.5991,335.4009,,308,428,,110,230,,45.80278,52.9149,,1.282316,49.33842,56.42958,,1.959116,42.29966,49.37886,,.6894801,1.41e+08,1.51e+08,1.31e+08,21:27:02  1 Oct 2020,40000
2020,President,polls-plus,9/30/2020,Trump,Biden,"",.213425,.78185,,.004725,.1119,.8881,,206.2862,331.7138,,312,427,,111,226,,45.9699,52.74551,,1.284587,49.56242,56.32423,,1.963979,42.41258,49.1458,,.6896354,1.41e+08,1.51e+08,1.31e+08,20:24:04 30 Sep 2020,40000
2020,President,polls-plus,9/29/2020,Trump,Biden,"",.216025,.77935,,.004625,.110875,.889125,,206.9328,331.0672,,312,425,,113,226,,45.96296,52.75171,,1.285323,49.54276,56.31634,,1.964764,42.41872,49.16298,,.6902901,1.41e+08,1.51e+08,1.31e+08,20:44:03 29 Sep 2020,40000
2020,President,polls-plus,9/28/2020,Trump,Biden,"",.2196,.775725,,.004675,.11455,.88545,,207.7895,330.2105,,315,425,,113,223,,45.98885,52.72159,,1.289563,49.60487,56.3167,,1.970574,42.40921,49.10035,,.6930783,1.41e+08,1.51e+08,1.31e+08,22:13:03 28 Sep 2020,40000
2020,President,polls-plus,9/27/2020,Trump,Biden,"",.2197,.7756,,.0047,.105025,.894975,,206.6381,331.3619,,313,427,,111,225,,45.81521,52.8941,,1.29069,49.45233,56.5064,,1.972729,42.21351,49.25216,,.6933518,1.41e+08,1.51e+08,1.31e+08,20:00:04 27 Sep 2020,40000
2020,President,polls-plus,9/26/2020,Trump,Biden,"",.225325,.769675,,.005,.109125,.890875,,207.176,330.824,,316,428,,110,222,,45.85375,52.85458,,1.291674,49.51593,56.49204,,1.974954,42.22554,49.18813,,.6933294,1.41e+08,1.51e+08,1.31e+08,19:00:04 26 Sep 2020,40000
2020,President,polls-plus,9/25/2020,Trump,Biden,"",.2281,.76685,,.00505,.110725,.889275,,207.5498,330.4502,,316,428,,110,222,,45.85934,52.84624,,1.294419,49.54781,56.51155,,1.978868,42.20478,49.15376,,.6950172,1.41e+08,1.51e+08,1.31e+08,22:17:03 25 Sep 2020,40000
2020,President,polls-plus,9/24/2020,Trump,Biden,"",.229275,.766175,,.00455,.118775,.881225,,208.0136,329.9864,,315,427.5,,110.5,223,,45.95837,52.74192,,1.299711,49.65797,56.42416,,1.985058,42.28753,49.02992,,.6993086,1.41e+08,1.51e+08,1.31e+08,19:10:02 24 Sep 2020,40000
2020,President,polls-plus,9/23/2020,Trump,Biden,"",.22235,.772925,,.004725,.114775,.885225,,206.3262,331.6738,,312,429,,109,226,,45.86427,52.83279,,1.302942,49.60622,56.55154,,1.989995,42.15812,49.07958,,.7010441,1.41e+08,1.51e+08,1.31e+08,20:53:03 23 Sep 2020,40000
2020,President,polls-plus,9/22/2020,Trump,Biden,"",.226,.7686,,.0054,.1187,.8813,,205.9798,332.0203,,313,428,,110,225,,45.89769,52.81616,,1.286152,49.66927,56.57026,,1.970988,42.15979,49.03062,,.6867073,1.41e+08,1.51e+08,1.31e+08,19:00:04 22 Sep 2020,40000
2020,President,polls-plus,9/21/2020,Trump,Biden,"",.22535,.769225,,.005425,.119675,.880325,,206.3478,331.6522,,312,429,,109,226,,45.87987,52.82855,,1.291579,49.68482,56.61564,,1.977731,42.10999,49.01251,,.6906254,1.41e+08,1.51e+08,1.31e+08,19:00:04 21 Sep 2020,40000
2020,President,polls-plus,9/20/2020,Trump,Biden,"",.225775,.76835,,.005875,.12435,.87565,,207.4107,330.5893,,314,427,,111,224,,45.92939,52.77768,,1.29294,49.75729,56.5852,,1.980419,42.13705,48.94392,,.691234,1.41e+08,1.51e+08,1.31e+08,22:02:03 20 Sep 2020,40000
2020,President,polls-plus,9/19/2020,Trump,Biden,"",.223425,.771425,,.00515,.12565,.87435,,207.3957,330.6043,,315,428,,110,223,,45.906,52.79246,,1.301542,49.77435,56.64014,,1.990523,42.07742,48.91676,,.697998,1.41e+08,1.51e+08,1.31e+08,19:00:04 19 Sep 2020,40000
2020,President,polls-plus,9/18/2020,Trump,Biden,"",.22725,.768,,.00475,.127675,.872325,,207.7489,330.251,,316,428,,110,222,,45.91582,52.78104,,1.303142,49.80641,56.64479,,1.993226,42.06271,48.88648,,.6987849,1.41e+08,1.51e+08,1.31e+08,19:20:04 18 Sep 2020,40000
2020,President,polls-plus,9/17/2020,Trump,Biden,"",.2368,.7579,,.0053,.134,.866,,209.9885,328.0115,,319,426,,112,219,,46.01027,52.68349,,1.306233,49.90779,56.57381,,1.995845,42.11573,48.77401,,.6977358,1.41e+08,1.51e+08,1.31e+08,19:00:03 17 Sep 2020,40000
2020,President,polls-plus,9/16/2020,Trump,Biden,"",.233525,.760775,,.0057,.1352,.8648,,208.9003,329.0998,,318,428,,110,220,,46.00893,52.68781,,1.303264,49.93647,56.61147,,1.992312,42.07764,48.76082,,.6898334,1.41e+08,1.51e+08,1.31e+08,23:12:03 16 Sep 2020,40000
2020,President,polls-plus,9/15/2020,Trump,Biden,"",.23765,.757575,,.004775,.13375,.86625,,208.39,329.61,,321,429,,109,217,,45.94145,52.75442,,1.30413,49.91407,56.70913,,1.988386,41.97375,48.79145,,.697407,1.41e+08,1.51e+08,1.31e+08,23:33:03 15 Sep 2020,40000
2020,President,polls-plus,9/14/2020,Trump,Biden,"",.239225,.755925,,.00485,.13615,.86385,,208.9357,329.0644,,321,428,,110,217,,45.95493,52.74354,,1.301532,49.95798,56.73676,,1.989021,41.9717,48.73645,,.6954645,1.41e+08,1.51e+08,1.31e+08,23:33:03 14 Sep 2020,40000
2020,President,polls-plus,9/13/2020,Trump,Biden,"",.24095,.754475,,.004575,.133125,.866875,,208.5953,329.4047,,321,429,,109,217,,45.92501,52.75882,,1.316178,49.90557,56.75976,,2.004302,41.92576,48.75369,,.7045135,1.41e+08,1.51e+08,1.31e+08,19:00:03 13 Sep 2020,40000
2020,President,polls-plus,9/12/2020,Trump,Biden,"",.24515,.749775,,.005075,.14015,.85985,,209.328,328.672,,324,430,,108,214,,45.9426,52.72985,,1.327547,50.02527,56.81329,,2.023891,41.8729,48.66277,,.7139139,1.41e+08,1.51e+08,1.31e+08,19:00:04 12 Sep 2020,40000
2020,President,polls-plus,9/11/2020,Trump,Biden,"",.2405,.754575,,.004925,.13445,.86555,,207.9071,330.0929,,322,431,,107,216,,45.8877,52.7874,,1.324906,49.93175,56.85209,,2.017633,41.81036,48.74033,,.7070763,1.41e+08,1.51e+08,1.31e+08,19:00:03 11 Sep 2020,40000
2020,President,polls-plus,9/10/2020,Trump,Biden,"",.248775,.7457,,.005525,.14265,.85735,,210.1214,327.8786,,325,429,,109,213,,45.97954,52.6937,,1.326768,50.05628,56.78706,,2.019654,41.89537,48.6067,,.7108803,1.41e+08,1.51e+08,1.31e+08,21:47:02 10 Sep 2020,40000
2020,President,polls-plus,9/9/2020,Trump,Biden,"",.253625,.741525,,.00485,.148775,.851225,,210.8713,327.1287,,327,429,,109,211,,45.98954,52.679,,1.331467,50.16024,56.81424,,2.023555,41.85178,48.52128,,.7127523,1.41e+08,1.51e+08,1.31e+08,23:52:03  9 Sep 2020,40000
2020,President,polls-plus,9/8/2020,Trump,Biden,"",.282475,.711825,,.0057,.161975,.838025,,216.7224,321.2776,,328,428,,110,210,,46.18364,52.48886,,1.327493,50.35461,56.61628,,2.03035,42.06158,48.33362,,.7052364,1.41e+08,1.51e+08,1.31e+08,22:02:02  8 Sep 2020,40000
2020,President,polls-plus,9/7/2020,Trump,Biden,"",.284875,.710275,,.00485,.164975,.835025,,216.9577,321.0423,,329,427,,111,209,,46.20694,52.46479,,1.328264,50.39727,56.65034,,2.025721,42.04342,48.26233,,.7086886,1.41e+08,1.51e+08,1.31e+08,21:01:02  7 Sep 2020,40000
2020,President,polls-plus,9/6/2020,Trump,Biden,"",.2859,.708875,,.005225,.1639,.8361,,216.8837,321.1162,,331,428,,110,207,,46.12992,52.54525,,1.324825,50.38704,56.75129,,2.022276,41.9192,48.28846,,.7062308,1.41e+08,1.51e+08,1.31e+08,21:06:02  6 Sep 2020,40000
2020,President,polls-plus,9/5/2020,Trump,Biden,"",.29205,.7034,,.00455,.16445,.83555,,218.0766,319.9235,,331,426,,112,207,,46.18348,52.48306,,1.333467,50.39506,56.69505,,2.040212,41.95213,48.27627,,.7113791,,,,22:17:02  5 Sep 2020,40000
2020,President,polls-plus,9/4/2020,Trump,Biden,"",.286825,.7081,,.005075,.163225,.836775,,217.0903,320.9097,,331,427,,111,207,,46.14719,52.52046,,1.33235,50.36639,56.72763,,2.035542,41.94962,48.30067,,.7106224,,,,22:34:02  4 Sep 2020,40000
2020,President,polls-plus,9/3/2020,Trump,Biden,"",.293225,.7013,,.005475,.170675,.829325,,218.8657,319.1343,,333,427,,111,205,,46.20557,52.46091,,1.333524,50.47948,56.76775,,2.024914,41.92551,48.18411,,.7098449,,,,21:55:03  3 Sep 2020,40000
2020,President,polls-plus,9/2/2020,Trump,Biden,"",.2919,.703325,,.004775,.17235,.82765,,218.8979,319.1021,,333,427,,111,205,,46.21046,52.45839,,1.331147,50.49683,56.77116,,2.043273,41.92453,48.1503,,.6999681,,,,21:52:26  2 Sep 2020,40000
2020,President,polls-plus,9/1/2020,Trump,Biden,"",.30725,.6881,,.00465,.18885,.81115,,222.6908,315.3092,,337,425,,113,201,,46.3896,52.28353,,1.326867,50.72521,56.5868,,2.036718,42.08624,47.95645,,.7005318,,,,19:06:02  1 Sep 2020,40000
2020,President,polls-plus,8/31/2020,Trump,Biden,"",.321275,.673975,,.00475,.192075,.807925,,225.0621,312.938,,337,424,,114,201,,46.46019,52.21549,,1.324315,50.76779,56.56361,,2.049913,42.11338,47.90186,,.6925172,,,,19:00:04 31 Aug 2020,40000
2020,President,polls-plus,8/30/2020,Trump,Biden,"",.3094,.6865,,.0041,.1879,.8121,,221.8873,316.1126,,337,428,,110,201,,46.30907,52.34467,,1.346259,50.7851,56.75874,,2.057022,41.85261,47.88278,,.7144256,,,,20:23:02 30 Aug 2020,40000
2020,President,polls-plus,8/29/2020,Trump,Biden,"",.307525,.6882,,.004275,.188325,.811675,,220.7868,317.2131,,337,429,,109,201,,46.26345,52.40189,,1.334657,50.76155,56.91839,,2.051201,41.77486,47.88276,,.7007713,,,,19:00:02 29 Aug 2020,40000
2020,President,polls-plus,8/28/2020,Trump,Biden,"",.3035,.692525,,.003975,.186225,.813775,,220.4639,317.5361,,337,429,,109,201,,46.2587,52.40611,,1.33519,50.75557,56.87645,,2.055656,41.81157,47.90101,,.7022665,,,,19:00:03 28 Aug 2020,40000
2020,President,polls-plus,8/27/2020,Trump,Biden,"",.2994,.6964,,.0042,.182875,.817125,,220.3914,317.6086,,336,428,,110,202,,46.28278,52.39348,,1.323738,50.70728,56.78292,,2.031385,41.89773,47.98074,,.6946608,,,,19:00:04 27 Aug 2020,40000
2020,President,polls-plus,8/26/2020,Trump,Biden,"",.30055,.69555,,.0039,.185375,.814625,,220.8551,317.1448,,337,428,,110,201,,46.30215,52.37099,,1.326856,50.74532,56.80884,,2.043283,41.88205,47.91171,,.6934588,,,,19:01:03 26 Aug 2020,40000
2020,President,polls-plus,8/25/2020,Trump,Biden,"",.27045,.725875,,.003675,.16285,.83715,,213.9388,324.0612,,331,432,,106,207,,46.02112,52.67421,,1.304669,50.4388,57.08401,,2.018928,41.6248,48.26421,,.6764926,,,,23:50:03 25 Aug 2020,40000
2020,President,polls-plus,8/24/2020,Trump,Biden,"",.269575,.726975,,.00345,.165475,.834525,,213.7483,324.2517,,332,432,,106,206,,46.021,52.67212,,1.306889,50.49995,57.11697,,2.018909,41.58252,48.18879,,.6792486,,,,20:38:02 24 Aug 2020,40000
2020,President,polls-plus,8/23/2020,Trump,Biden,"",.2673,.729625,,.003075,.166625,.833375,,212.5292,325.4708,,331,435,,103,207,,45.96653,52.73164,,1.301827,50.48808,57.27232,,2.018991,41.44489,48.20748,,.6702565,,,,19:00:03 23 Aug 2020,40000
2020,President,polls-plus,8/22/2020,Trump,Biden,"",.271,.7255,,.0035,.1667,.8333,,213.3921,324.6079,,331,433,,105,207,,46.01094,52.69307,,1.296,50.45963,57.18472,,2.007976,41.51054,48.20979,,.6636156,,,,19:00:03 22 Aug 2020,40000
2020,President,polls-plus,8/21/2020,Trump,Biden,"",.267575,.72875,,.003675,.16485,.83515,,213.0551,324.9449,,331,433,,105,207,,45.99585,52.71219,,1.291965,50.45788,57.17679,,2.007226,41.53521,48.24926,,.6572114,,,,19:26:02 21 Aug 2020,40000
2020,President,polls-plus,8/20/2020,Trump,Biden,"",.27365,.722825,,.003525,.1677,.8323,,215.0446,322.9554,,333,431,,107,205,,46.07849,52.63926,,1.282259,50.51525,57.06075,,1.995835,41.65974,48.17797,,.655274,,,,19:00:04 20 Aug 2020,40000
2020,President,polls-plus,8/19/2020,Trump,Biden,"",.278625,.717275,,.0041,.17315,.82685,,216.3484,321.6516,,335,429,,109,203,,46.13017,52.58604,,1.283783,50.59136,57.03696,,2.001753,41.6842,48.12635,,.6547295,,,,23:52:08 19 Aug 2020,40000
2020,President,polls-plus,8/18/2020,Trump,Biden,"",.26775,.7291,,.00315,.166375,.833625,,214.7168,323.2832,,333,430,,108,205,,46.08685,52.6301,,1.283045,50.46551,57.04149,,1.993258,41.67652,48.22936,,.6494714,,,,19:23:03 18 Aug 2020,40000
2020,President,polls-plus,8/17/2020,Trump,Biden,"",.2724,.72375,,.00385,.16975,.83025,,215.2729,322.7271,,333,431,,107,205,,46.10958,52.61044,,1.279983,50.53724,57.08716,,1.995751,41.6344,48.18307,,.6515047,,,,22:43:02 17 Aug 2020,40000
2020,President,polls-plus,8/16/2020,Trump,Biden,"",.282075,.7145,,.003425,.175925,.824075,,215.5538,322.4463,,336,431,,107,202,,46.16774,52.54878,,1.283478,50.68077,57.06306,,2.005195,41.68126,48.06044,,.6544272,,,,20:17:02 16 Aug 2020,40000
2020,President,polls-plus,8/15/2020,Trump,Biden,"",.27745,.71915,,.0034,.17285,.82715,,213.2509,324.7491,,335,434,,104,203,,46.05632,52.651,,1.292678,50.63273,57.21465,,2.011152,41.49172,48.0732,,.6589594,,,,19:00:05 15 Aug 2020,40000
2020,President,polls-plus,8/14/2020,Trump,Biden,"",.267475,.72925,,.003275,.1657,.8343,,211.6081,326.3919,,333,433,,105,205,,45.98938,52.71326,,1.297362,50.49768,57.17666,,2.015094,41.51923,48.21701,,.66329,,,,19:00:02 14 Aug 2020,40000
2020,President,polls-plus,8/13/2020,Trump,Biden,"",.2752,.7216,,.0032,.177575,.822425,,213.7498,324.2502,,336,434,,104,202,,46.11533,52.59297,,1.291699,50.64245,57.13207,,2.010199,41.58178,48.04206,,.6602212,,,,21:50:04 13 Aug 2020,40000
2020,President,polls-plus,8/12/2020,Trump,Biden,"",.28765,.70875,,.0036,.18305,.81695,,215.1911,322.8088,,337,433,,105,201,,46.17112,52.52475,,1.304139,50.70852,57.11084,,2.027544,41.56429,47.97743,,.6663016,,,,23:41:03 12 Aug 2020,40000
2020,President,polls-plus,8/11/2020,Trump,Biden,"",.2866,.71025,,.00315,.190525,.809475,,214.9498,323.0502,,337,433,,105,201,,46.20192,52.49453,,1.303546,50.83683,57.10124,,2.028735,41.59494,47.85249,,.6627616,,,,19:08:03 11 Aug 2020,40000
2020,President,polls-plus,8/10/2020,Trump,Biden,"",.28395,.712875,,.003175,.19075,.80925,,214.5426,323.4573,,337,435,,103,201,,46.19029,52.49098,,1.318731,50.86157,57.14674,,2.03493,41.55241,47.82245,,.6770315,,,,23:50:02 10 Aug 2020,40000
2020,President,polls-plus,8/9/2020,Trump,Biden,"",.287175,.709125,,.0037,.194675,.805325,,215.6911,322.3089,,339,433,,105,199,,46.24909,52.43238,,1.318526,50.95182,57.08838,,2.041819,41.57322,47.72408,,.6778314,,,,10:15:37 10 Aug 2020,40000
2020,President,polls-plus,8/8/2020,Trump,Biden,"",.2912,.7055,,.0033,.196425,.803575,,216.0827,321.9173,,339,433,,105,199,,46.26159,52.41681,,1.321599,50.90287,57.07491,,2.040766,41.58996,47.74853,,.6818589,,,,10:19:17 10 Aug 2020,40000
2020,President,polls-plus,8/7/2020,Trump,Biden,"",.29715,.6992,,.00365,.20105,.79895,,217.1632,320.8368,,340,434,,104,198,,46.29543,52.38504,,1.31953,51.01738,57.09568,,2.049613,41.58004,47.65911,,.6830333,,,,10:19:37 10 Aug 2020,40000
2020,President,polls-plus,8/6/2020,Trump,Biden,"",.2932,.703325,,.003475,.199275,.800725,,216.8208,321.1793,,341,433,,105,197,,46.28619,52.39062,,1.323194,51.04249,57.13195,,2.040946,41.55771,47.63836,,.6809334,,,,10:19:52 10 Aug 2020,40000
2020,President,polls-plus,8/5/2020,Trump,Biden,"",.297725,.698925,,.00335,.20245,.79755,,217.515,320.485,,341,433,,105,197,,46.31205,52.36253,,1.32542,51.07544,57.09853,,2.043509,41.55804,47.58785,,.6848398,,,,10:19:56 10 Aug 2020,40000
2020,President,polls-plus,8/4/2020,Trump,Biden,"",.2804,.716625,,.002975,.1844,.8156,,212.0597,325.9403,,337,435,,103,201,,46.10718,52.57859,,1.314234,50.79708,57.24018,,2.051642,41.43733,47.88954,,.6713542,,,,10:22:17 10 Aug 2020,40000
2020,President,polls-plus,8/3/2020,Trump,Biden,"",.28325,.712975,,.003775,.1875,.8125,,212.9614,325.0386,,337,435,,103,201,,46.13739,52.54492,,1.317685,50.85131,57.25592,,2.043417,41.4584,47.84332,,.6747655,,,,10:25:40 10 Aug 2020,40000
2020,President,polls-plus,8/2/2020,Trump,Biden,"",.283925,.712425,,.00365,.187975,.812025,,213.0605,324.9395,,338,435,,103,200,,46.13912,52.54113,,1.319745,50.89564,57.26371,,2.046737,41.42797,47.76087,,.6751224,,,,10:26:03 10 Aug 2020,40000
2020,President,polls-plus,8/1/2020,Trump,Biden,"",.286075,.710875,,.00305,.188825,.811175,,212.7638,325.2362,,338,436,,102,200,,46.11985,52.56147,,1.318686,50.86026,57.29603,,2.046081,41.35671,47.80448,,.6773493,,,,10:26:11 10 Aug 2020,40000
2020,President,polls-plus,7/31/2020,Trump,Biden,"",.2867,.710125,,.003175,.190775,.809225,,213.5757,324.4243,,340,436,,102,198,,46.14778,52.53598,,1.316235,50.89336,57.31334,,2.039262,41.40097,47.77644,,.6756095,,,,10:26:36 10 Aug 2020,40000
2020,President,polls-plus,7/30/2020,Trump,Biden,"",.2609,.7359,,.0032,.168075,.831925,,208.4238,329.5762,,334,436,,102,204,,45.93544,52.74822,,1.316337,50.53705,57.31424,,2.040273,41.39065,48.10459,,.6791376,,,,10:28:57 10 Aug 2020,40000
2020,President,polls-plus,7/29/2020,Trump,Biden,"",.266675,.729925,,.0034,.170825,.829175,,209.04,328.96,,335,438,,100,203,,45.92358,52.74941,,1.327006,50.5773,57.41732,,2.056378,41.25378,48.10526,,.682309,,,,10:32:02 10 Aug 2020,40000
2020,President,polls-plus,7/28/2020,Trump,Biden,"",.260625,.7363,,.003075,.1666,.8334,,207.1326,330.8674,,333,440,,98,205,,45.85881,52.81291,,1.328276,50.51357,57.47815,,2.047201,41.1924,48.15805,,.6911978,,,,10:32:31 10 Aug 2020,40000
2020,President,polls-plus,7/27/2020,Trump,Biden,"",.26675,.729775,,.003475,.173875,.826125,,208.6976,329.3023,,336,438,,100,202,,45.91749,52.74271,,1.339798,50.67381,57.51265,,2.069063,41.17569,48.00462,,.6958647,,,,10:32:26 10 Aug 2020,40000
2020,President,polls-plus,7/26/2020,Trump,Biden,"",.267475,.729375,,.00315,.178825,.821175,,208.3017,329.6984,,336,439,,99,202,,45.97368,52.68783,,1.338491,50.72295,57.42074,,2.060007,41.2672,47.95403,,.6963304,,,,10:33:13 10 Aug 2020,40000
2020,President,polls-plus,7/25/2020,Trump,Biden,"",.262025,.735,,.002975,.180675,.819325,,209.0473,328.9527,,337,439,,99,201,,45.99001,52.67056,,1.339427,50.81696,57.41073,,2.067447,41.24988,47.85799,,.6928883,,,,10:35:37 10 Aug 2020,40000
2020,President,polls-plus,7/24/2020,Trump,Biden,"",.270275,.7265,,.003225,.183275,.816725,,209.7756,328.2244,,337,440,,98,201,,45.99775,52.66726,,1.334995,50.81271,57.48201,,2.060524,41.15303,47.82852,,.6884896,,,,10:38:25 10 Aug 2020,40000
2020,President,polls-plus,7/23/2020,Trump,Biden,"",.2641,.732575,,.003325,.181825,.818175,,207.8097,330.1903,,335,441,,97,203,,45.94709,52.71225,,1.34066,50.77929,57.56994,,2.080228,41.13475,47.90079,,.6927854,,,,10:38:51 10 Aug 2020,40000
2020,President,polls-plus,7/22/2020,Trump,Biden,"",.252225,.745,,.002775,.178925,.821075,,206.5702,331.4298,,335,441,,97,203,,45.89418,52.77857,,1.327248,50.78386,57.5659,,2.062582,41.08658,47.8844,,.6800984,,,,10:38:41 10 Aug 2020,40000
2020,President,polls-plus,7/21/2020,Trump,Biden,"",.2583,.73915,,.00255,.185725,.814275,,208.3234,329.6766,,337,441,,97,201,,45.95774,52.70412,,1.338143,50.84897,57.6297,,2.07406,41.06457,47.79524,,.6910916,,,,10:39:48 10 Aug 2020,40000
2020,President,polls-plus,7/20/2020,Trump,Biden,"",.24955,.74795,,.0025,.1779,.8221,,205.582,332.418,,335,444,,94,203,,45.83913,52.83022,,1.330654,50.79581,57.7626,,2.062026,40.92534,47.89375,,.682163,,,,10:42:12 10 Aug 2020,40000
2020,President,polls-plus,7/19/2020,Trump,Biden,"",.2566,.7408,,.0026,.180875,.819125,,206.8156,331.1844,,334,443,,95,204,,45.89302,52.79765,,1.309328,50.81057,57.69178,,2.04199,40.96729,47.88055,,.6704755,,,,10:44:46 10 Aug 2020,40000
2020,President,polls-plus,7/18/2020,Trump,Biden,"",.26135,.7356,,.00305,.181425,.818575,,207.1693,330.8307,,335,445,,93,203,,45.889,52.79903,,1.311972,50.83132,57.75053,,2.044307,40.9453,47.86944,,.6680883,,,,10:45:11 10 Aug 2020,40000
2020,President,polls-plus,7/17/2020,Trump,Biden,"",.2623,.73485,,.00285,.182225,.817775,,206.6574,331.3426,,335,444,,94,203,,45.89483,52.78936,,1.315802,50.84206,57.7688,,2.05507,40.9332,47.8424,,.6671382,,,,10:44:52 10 Aug 2020,40000
2020,President,polls-plus,7/16/2020,Trump,Biden,"",.25935,.73795,,.0027,.18045,.81955,,205.8413,332.1587,,335,445,,93,203,,45.83747,52.84692,,1.315601,50.77852,57.80231,,2.064911,40.86111,47.90779,,.6639907,,,,10:46:23 10 Aug 2020,40000
2020,President,polls-plus,7/15/2020,Trump,Biden,"",.2392,.758,,.0028,.1648,.8352,,202.8228,335.1772,,330,444,,94,208,,45.71204,52.97364,,1.314317,50.58324,57.78214,,2.057694,40.9049,48.11746,,.6696864,,,,10:48:47 10 Aug 2020,40000
2020,President,polls-plus,7/14/2020,Trump,Biden,"",.258525,.7385,,.002975,.1793,.8207,,205.0833,332.9167,,335,446,,92,203,,45.80495,52.87408,,1.320971,50.81122,57.86454,,2.058922,40.81569,47.87369,,.6724886,,,,10:51:08 10 Aug 2020,40000
2020,President,polls-plus,7/13/2020,Trump,Biden,"",.258175,.73885,,.002975,.177825,.822175,,204.7945,333.2055,,335,446,,92,203,,45.78563,52.89586,,1.318501,50.83285,57.92501,,2.064288,40.74932,47.83879,,.6674164,,,,10:51:31 10 Aug 2020,40000
2020,President,polls-plus,7/12/2020,Trump,Biden,"",.27,.726775,,.003225,.18445,.81555,,206.4143,331.5857,,337,446,,92,201,,45.85665,52.819,,1.324355,50.9687,57.89326,,2.064648,40.79765,47.72194,,.6759626,,,,10:51:04 10 Aug 2020,40000
2020,President,polls-plus,7/11/2020,Trump,Biden,"",.27945,.71715,,.0034,.1946,.8054,,208.5454,329.4546,,338,446,,92,200,,45.9315,52.73925,,1.329244,51.06208,57.84136,,2.07124,40.82366,47.59866,,.6713284,,,,10:52:57 10 Aug 2020,40000
2020,President,polls-plus,7/10/2020,Trump,Biden,"",.2752,.7216,,.0032,.18985,.81015,,207.4411,330.5589,,338,446,,92,200,,45.90247,52.77518,,1.322349,51.00501,57.90038,,2.069298,40.77045,47.68229,,.6659154,,,,10:55:24 10 Aug 2020,40000
2020,President,polls-plus,7/9/2020,Trump,Biden,"",.2727,.72455,,.00275,.189925,.810075,,208.0501,329.9499,,337,444,,94,201,,45.90316,52.776,,1.320845,51.00532,57.83777,,2.061967,40.8556,47.66722,,.6737902,,,,10:57:25 10 Aug 2020,40000
2020,President,polls-plus,7/8/2020,Trump,Biden,"",.269625,.727375,,.003,.185725,.814275,,206.8318,331.1682,,337,446,,92,201,,45.85991,52.81811,,1.321982,50.98801,57.89178,,2.06713,40.75243,47.69514,,.6688289,,,,10:57:48 10 Aug 2020,40000
2020,President,polls-plus,7/7/2020,Trump,Biden,"",.2684,.728375,,.003225,.184825,.815175,,206.8485,331.1515,,337,446,,92,201,,45.85553,52.82038,,1.324095,50.93465,57.89341,,2.085074,40.77628,47.73086,,.6621054,,,,10:57:16 10 Aug 2020,40000
2020,President,polls-plus,7/6/2020,Trump,Biden,"",.28085,.7158,,.00335,.1989,.8011,,211.0341,326.9659,,339,444,,94,199,,46.00682,52.66445,,1.328738,51.19341,57.79437,,2.070406,40.84578,47.48414,,.6696514,,,,10:59:26 10 Aug 2020,40000
2020,President,polls-plus,7/5/2020,Trump,Biden,"",.23735,.759375,,.003275,.156425,.843575,,202.7701,335.2299,,326,443,,95,212,,45.65043,53.03101,,1.318557,50.38384,57.78221,,2.045832,40.91089,48.25012,,.6748977,,,,11:01:55 10 Aug 2020,40000
2020,President,polls-plus,7/4/2020,Trump,Biden,"",.239875,.75685,,.003275,.159775,.840225,,203.1415,334.8585,,326,444,,94,212,,45.65899,53.02658,,1.314429,50.45331,57.82705,,2.047497,40.84191,48.23739,,.6702497,,,,11:03:40 10 Aug 2020,40000
2020,President,polls-plus,7/3/2020,Trump,Biden,"",.238125,.75895,,.002925,.156225,.843775,,201.9703,336.0297,,326,445,,93,212,,45.59909,53.08897,,1.311937,50.39472,57.8764,,2.047345,40.80989,48.28157,,.6673132,,,,11:04:06 10 Aug 2020,40000
2020,President,polls-plus,7/2/2020,Trump,Biden,"",.240025,.7563,,.003675,.159175,.840825,,202.9859,335.0142,,327,444,,94,211,,45.64618,53.04318,,1.310638,50.45094,57.82728,,2.046242,40.84299,48.2515,,.6632474,,,,11:03:27 10 Aug 2020,40000
2020,President,polls-plus,7/1/2020,Trump,Biden,"",.23535,.761525,,.003125,.162675,.837325,,202.0124,335.9876,,327,446,,92,211,,45.62083,53.07158,,1.307595,50.48866,57.95334,,2.040026,40.74539,48.21278,,.6615871,,,,11:05:57 10 Aug 2020,40000
2020,President,polls-plus,6/30/2020,Trump,Biden,"",.235475,.761375,,.00315,.161425,.838575,,202.2096,335.7904,,328,446,,92,210,,45.6191,53.07162,,1.309282,50.48285,57.91264,,2.045883,40.79374,48.19541,,.6640405,,,,11:08:25 10 Aug 2020,40000
2020,President,polls-plus,6/29/2020,Trump,Biden,"",.209525,.78785,,.002625,.136775,.863225,,196.828,341.172,,318,446,,92,220,,45.39993,53.29433,,1.305736,50.07216,57.93801,,2.030914,40.73306,48.61784,,.6649159,,,,11:09:55 10 Aug 2020,40000
2020,President,polls-plus,6/28/2020,Trump,Biden,"",.211325,.785625,,.00305,.1372,.8628,,196.2056,341.7944,,318,446,,92,220,,45.40212,53.29407,,1.303815,50.07193,57.91077,,2.031408,40.79256,48.59251,,.6616051,,,,11:10:24 10 Aug 2020,40000
2020,President,polls-plus,6/27/2020,Trump,Biden,"",.2081,.788425,,.003475,.1349,.8651,,196.2634,341.7366,,317,446,,92,221,,45.40378,53.29099,,1.305233,50.05018,57.91059,,2.030622,40.77088,48.67001,,.6599336,,,,11:09:37 10 Aug 2020,40000
2020,President,polls-plus,6/26/2020,Trump,Biden,"",.206375,.79055,,.003075,.1373,.8627,,195.4595,342.5405,,317,448,,90,221,,45.36304,53.33689,,1.300071,50.07875,58.02941,,2.029991,40.67146,48.61265,,.6623695,,,,11:12:25 10 Aug 2020,40000
2020,President,polls-plus,6/25/2020,Trump,Biden,"",.21695,.7795,,.00355,.14275,.85725,,198.2772,339.7228,,320,446,,92,218,,45.47114,53.23003,,1.298833,50.17564,57.90521,,2.029225,40.78851,48.51783,,.655317,,,,11:14:55 10 Aug 2020,40000
2020,President,polls-plus,6/24/2020,Trump,Biden,"",.210325,.786725,,.00295,.139475,.860525,,196.5073,341.4927,,318,447,,91,220,,45.38713,53.31142,,1.301456,50.10804,58.0117,,2.035001,40.65841,48.58786,,.6588315,,,,11:16:09 10 Aug 2020,40000
2020,President,polls-plus,6/23/2020,Trump,Biden,"",.2171,.780075,,.002825,.1458,.8542,,197.761,340.239,,322,447,,91,216,,45.44068,53.2442,,1.315118,50.26096,57.9963,,2.056763,40.67317,48.44623,,.663591,,,,11:16:41 10 Aug 2020,40000
2020,President,polls-plus,6/22/2020,Trump,Biden,"",.2154,.7816,,.003,.1423,.8577,,198.0367,339.9633,,320,447,,91,218,,45.40881,53.28255,,1.308633,50.19436,58.075,,2.048503,40.59536,48.48858,,.6628679,,,,11:15:47 10 Aug 2020,40000
2020,President,polls-plus,6/21/2020,Trump,Biden,"",.2195,.777475,,.003025,.147625,.852375,,199.1915,338.8086,,322,446,,92,216,,45.48504,53.20727,,1.30769,50.30505,57.9707,,2.031235,40.70179,48.40547,,.6615897,,,,11:18:56 10 Aug 2020,40000
2020,President,polls-plus,6/20/2020,Trump,Biden,"",.222,.77515,,.00285,.1485,.8515,,199.5023,338.4977,,322,446,,92,216,,45.49785,53.1989,,1.303245,50.29456,57.98159,,2.028631,40.72705,48.41396,,.6607718,,,,11:21:24 10 Aug 2020,40000
2020,President,polls-plus,6/19/2020,Trump,Biden,"",.225175,.771925,,.0029,.1517,.8483,,200.5645,337.4355,,325,446,,92,213,,45.53778,53.14845,,1.313769,50.37589,57.97366,,2.045823,40.7263,48.32314,,.6591908,,,,11:45:11 10 Aug 2020,40000
2020,President,polls-plus,6/18/2020,Trump,Biden,"",.2375,.75945,,.00305,.1602,.8398,,201.7995,336.2005,,329,446,,92,209,,45.61443,53.07222,,1.313351,50.51035,57.92015,,2.051174,40.76797,48.17367,,.6700203,,,,11:46:38 10 Aug 2020,40000
2020,President,polls-plus,6/17/2020,Trump,Biden,"",.235175,.761575,,.00325,.160625,.839375,,202.0645,335.9355,,327,446,,92,211,,45.61938,53.05688,,1.323733,50.49227,57.91314,,2.059546,40.75835,48.17007,,.6750205,,,,11:47:02 10 Aug 2020,40000
2020,President,polls-plus,6/16/2020,Trump,Biden,"",.2396,.75675,,.00365,.1632,.8368,,203.4893,334.5107,,328,444,,94,210,,45.68271,52.99614,,1.321142,50.54545,57.88606,,2.061718,40.80315,48.15334,,.6680158,,,,11:25:22 10 Aug 2020,40000
2020,President,polls-plus,6/15/2020,Trump,Biden,"",.2478,.749025,,.003175,.16485,.83515,,205.0138,332.9862,,328,442.5,,95.5,210,,45.75811,52.92667,,1.315226,50.5504,57.72252,,2.055342,40.9251,48.126,,.6673417,,,,11:27:55 10 Aug 2020,40000
2020,President,polls-plus,6/14/2020,Trump,Biden,"",.234775,.76255,,.002675,.153375,.846625,,201.995,336.005,,326,443,,95,212,,45.60586,53.07205,,1.322089,50.35146,57.8587,,2.051385,40.85883,48.30339,,.6721538,,,,11:51:25 10 Aug 2020,40000
2020,President,polls-plus,6/13/2020,Trump,Biden,"",.23715,.75935,,.0035,.1587,.8413,,203.3475,334.6525,,326,443,,95,212,,45.68189,53.00398,,1.314134,50.4464,57.77147,,2.051785,40.89159,48.24353,,.6686158,,,,11:52:52 10 Aug 2020,40000
2020,President,polls-plus,6/12/2020,Trump,Biden,"",.24235,.7543,,.00335,.1589,.8411,,203.924,334.076,,326,442,,96,212,,45.73086,52.94989,,1.319247,50.44556,57.68588,,2.043238,40.99991,48.22766,,.672668,,,,11:22:22 10 Aug 2020,40000
2020,President,polls-plus,6/11/2020,Trump,Biden,"",.245325,.75125,,.003425,.16185,.83815,,204.4158,333.5842,,328,442,,96,210,,45.76586,52.9145,,1.319637,50.50735,57.66437,,2.038496,41.04717,48.18432,,.6725276,,,,11:31:50 10 Aug 2020,40000
2020,President,polls-plus,6/10/2020,Trump,Biden,"",.28395,.711825,,.004225,.1819,.8181,,211.3559,326.6442,,333,438,,100,205,,46.01114,52.67278,,1.316082,50.75439,57.43367,,2.049852,41.27679,47.92501,,.6655345,,,,11:34:24 10 Aug 2020,40000
2020,President,polls-plus,6/9/2020,Trump,Biden,"",.288525,.7072,,.004275,.188,.812,,213.6465,324.3535,,334,435,,103,204,,46.1313,52.5538,,1.314901,50.85634,57.30523,,2.047077,41.38594,47.83714,,.6707772,,,,11:57:35 10 Aug 2020,40000
2020,President,polls-plus,6/8/2020,Trump,Biden,"",.303425,.692525,,.00405,.1998,.8002,,216.1307,321.8693,,337,434,,104,201,,46.24477,52.43583,,1.319401,50.99332,57.17598,,2.051627,41.52457,47.69545,,.6739508,,,,11:59:04 10 Aug 2020,40000
2020,President,polls-plus,6/7/2020,Trump,Biden,"",.302275,.6935,,.004225,.19975,.80025,,216.488,321.512,,337,434,,104,201,,46.2737,52.41333,,1.312971,51.05724,57.1865,,2.049617,41.49504,47.63892,,.668447,,,,11:28:26 10 Aug 2020,40000
2020,President,polls-plus,6/6/2020,Trump,Biden,"",.30525,.69085,,.0039,.201325,.798675,,217.2131,320.7869,,338,433,,105,200,,46.31012,52.378,,1.311875,51.04198,57.07314,,2.0509,41.62245,47.62445,,.6645366,,,,11:47:23 10 Aug 2020,40000
2020,President,polls-plus,6/5/2020,Trump,Biden,"",.30775,.687725,,.004525,.20515,.79485,,218.2592,319.7408,,339,432,,106,199,,46.36461,52.32565,,1.309747,51.10926,57.06739,,2.035725,41.62989,47.55882,,.6656066,,,,11:40:55 10 Aug 2020,40000
2020,President,polls-plus,6/4/2020,Trump,Biden,"",.28835,.70755,,.0041,.187825,.812175,,213.6946,324.3054,,335,434,,104,203,,46.17122,52.52184,,1.306939,50.82633,57.19538,,2.039343,41.49159,47.87417,,.6616863,,,,12:03:40 10 Aug 2020,40000
2020,President,polls-plus,6/3/2020,Trump,Biden,"",.292525,.703475,,.004,.190275,.809725,,214.5781,323.4219,,335,433,,105,203,,46.22312,52.47629,,1.300588,50.8365,57.11295,,2.027426,41.60196,47.85891,,.6611356,,,,11:24:29 10 Aug 2020,40000
2020,President,polls-plus,6/2/2020,Trump,Biden,"",.293975,.70225,,.003775,.1923,.8077,,214.024,323.976,,337,435,,103,201,,46.17807,52.50252,,1.319418,50.94933,57.25562,,2.049306,41.44363,47.74026,,.6755669,,,,11:34:32 10 Aug 2020,40000
2020,President,polls-plus,6/1/2020,Trump,Biden,"",.2959,.700575,,.003525,.1943,.8057,,215.0013,322.9987,,337,435,,103,201,,46.20322,52.47558,,1.321204,50.93565,57.19166,,2.042146,41.49165,47.73165,,.6759679,,,,11:53:49 10 Aug 2020,40000
