cycle,branch,model,modeldate,candidate_inc,candidate_chal,candidate_3rd,evprob_inc,evprob_chal,evprob_3rd,total_ev,timestamp,simulations
2020,President,polls-plus,10/2/2020,Trump,Biden,"",.001825,0,,99,16:34:03  2 Oct 2020,40000
2020,President,polls-plus,10/2/2020,Trump,Biden,"",.00155,0,,98,16:34:03  2 Oct 2020,40000
2020,President,polls-plus,10/2/2020,Trump,Biden,"",.002225,.00005,,97,16:34:03  2 Oct 2020,40000
2020,President,polls-plus,10/2/2020,Trump,Biden,"",.00205,.000025,,96,16:34:03  2 Oct 2020,40000
2020,President,polls-plus,10/2/2020,Trump,Biden,"",.001125,0,,95,16:34:03  2 Oct 2020,40000
2020,President,polls-plus,10/2/2020,Trump,Biden,"",.00275,.000025,,94,16:34:03  2 Oct 2020,40000
2020,President,polls-plus,10/2/2020,Trump,Biden,"",.00205,0,,93,16:34:03  2 Oct 2020,40000
2020,President,polls-plus,10/2/2020,Trump,Biden,"",.0022,0,,92,16:34:03  2 Oct 2020,40000
2020,President,polls-plus,10/2/2020,Trump,Biden,"",.001275,0,,91,16:34:03  2 Oct 2020,40000
2020,President,polls-plus,10/2/2020,Trump,Biden,"",.00075,.000025,,90,16:34:03  2 Oct 2020,40000
2020,President,polls-plus,10/2/2020,Trump,Biden,"",.0001,0,,9,16:34:03  2 Oct 2020,40000
2020,President,polls-plus,10/2/2020,Trump,Biden,"",.001775,0,,89,16:34:03  2 Oct 2020,40000
2020,President,polls-plus,10/2/2020,Trump,Biden,"",.001325,0,,88,16:34:03  2 Oct 2020,40000
2020,President,polls-plus,10/2/2020,Trump,Biden,"",.00115,.00005,,87,16:34:03  2 Oct 2020,40000
2020,President,polls-plus,10/2/2020,Trump,Biden,"",.0018,0,,86,16:34:03  2 Oct 2020,40000
2020,President,polls-plus,10/2/2020,Trump,Biden,"",.001175,.000025,,85,16:34:03  2 Oct 2020,40000
2020,President,polls-plus,10/2/2020,Trump,Biden,"",.0007,.000025,,84,16:34:03  2 Oct 2020,40000
2020,President,polls-plus,10/2/2020,Trump,Biden,"",.001875,0,,83,16:34:03  2 Oct 2020,40000
2020,President,polls-plus,10/2/2020,Trump,Biden,"",.001375,0,,82,16:34:03  2 Oct 2020,40000
2020,President,polls-plus,10/2/2020,Trump,Biden,"",.0011,0,,81,16:34:03  2 Oct 2020,40000
2020,President,polls-plus,10/2/2020,Trump,Biden,"",.00125,0,,80,16:34:03  2 Oct 2020,40000
2020,President,polls-plus,10/2/2020,Trump,Biden,"",.000175,0,,8,16:34:03  2 Oct 2020,40000
2020,President,polls-plus,10/2/2020,Trump,Biden,"",.00085,0,,79,16:34:03  2 Oct 2020,40000
2020,President,polls-plus,10/2/2020,Trump,Biden,"",.00075,0,,78,16:34:03  2 Oct 2020,40000
2020,President,polls-plus,10/2/2020,Trump,Biden,"",.001425,0,,77,16:34:03  2 Oct 2020,40000
2020,President,polls-plus,10/2/2020,Trump,Biden,"",.001225,0,,76,16:34:03  2 Oct 2020,40000
2020,President,polls-plus,10/2/2020,Trump,Biden,"",.0009,0,,75,16:34:03  2 Oct 2020,40000
2020,President,polls-plus,10/2/2020,Trump,Biden,"",.00095,0,,74,16:34:03  2 Oct 2020,40000
2020,President,polls-plus,10/2/2020,Trump,Biden,"",.000625,.000025,,73,16:34:03  2 Oct 2020,40000
2020,President,polls-plus,10/2/2020,Trump,Biden,"",.001025,0,,72,16:34:03  2 Oct 2020,40000
2020,President,polls-plus,10/2/2020,Trump,Biden,"",.0008,0,,71,16:34:03  2 Oct 2020,40000
2020,President,polls-plus,10/2/2020,Trump,Biden,"",.00075,0,,70,16:34:03  2 Oct 2020,40000
2020,President,polls-plus,10/2/2020,Trump,Biden,"",0,0,,7,16:34:03  2 Oct 2020,40000
2020,President,polls-plus,10/2/2020,Trump,Biden,"",.0007,0,,69,16:34:03  2 Oct 2020,40000
2020,President,polls-plus,10/2/2020,Trump,Biden,"",.0011,0,,68,16:34:03  2 Oct 2020,40000
2020,President,polls-plus,10/2/2020,Trump,Biden,"",.0007,0,,67,16:34:03  2 Oct 2020,40000
2020,President,polls-plus,10/2/2020,Trump,Biden,"",.00075,0,,66,16:34:03  2 Oct 2020,40000
2020,President,polls-plus,10/2/2020,Trump,Biden,"",.000725,0,,65,16:34:03  2 Oct 2020,40000
2020,President,polls-plus,10/2/2020,Trump,Biden,"",.000475,0,,64,16:34:03  2 Oct 2020,40000
2020,President,polls-plus,10/2/2020,Trump,Biden,"",.00135,0,,63,16:34:03  2 Oct 2020,40000
2020,President,polls-plus,10/2/2020,Trump,Biden,"",.00065,0,,62,16:34:03  2 Oct 2020,40000
2020,President,polls-plus,10/2/2020,Trump,Biden,"",.00065,0,,61,16:34:03  2 Oct 2020,40000
2020,President,polls-plus,10/2/2020,Trump,Biden,"",.000675,0,,60,16:34:03  2 Oct 2020,40000
2020,President,polls-plus,10/2/2020,Trump,Biden,"",.000075,0,,6,16:34:03  2 Oct 2020,40000
2020,President,polls-plus,10/2/2020,Trump,Biden,"",.00035,.000025,,59,16:34:03  2 Oct 2020,40000
2020,President,polls-plus,10/2/2020,Trump,Biden,"",.00035,.000025,,58,16:34:03  2 Oct 2020,40000
2020,President,polls-plus,10/2/2020,Trump,Biden,"",.000575,0,,57,16:34:03  2 Oct 2020,40000
2020,President,polls-plus,10/2/2020,Trump,Biden,"",.000425,0,,56,16:34:03  2 Oct 2020,40000
2020,President,polls-plus,10/2/2020,Trump,Biden,"",.0006,0,,55,16:34:03  2 Oct 2020,40000
2020,President,polls-plus,10/2/2020,Trump,Biden,"",.000675,0,,54,16:34:03  2 Oct 2020,40000
2020,President,polls-plus,10/2/2020,Trump,Biden,"",0,.000025,,538,16:34:03  2 Oct 2020,40000
2020,President,polls-plus,10/2/2020,Trump,Biden,"",0,.000125,,537,16:34:03  2 Oct 2020,40000
2020,President,polls-plus,10/2/2020,Trump,Biden,"",0,0,,536,16:34:03  2 Oct 2020,40000
2020,President,polls-plus,10/2/2020,Trump,Biden,"",0,.000075,,535,16:34:03  2 Oct 2020,40000
2020,President,polls-plus,10/2/2020,Trump,Biden,"",0,.0004,,534,16:34:03  2 Oct 2020,40000
2020,President,polls-plus,10/2/2020,Trump,Biden,"",0,.000025,,533,16:34:03  2 Oct 2020,40000
2020,President,polls-plus,10/2/2020,Trump,Biden,"",0,.000075,,532,16:34:03  2 Oct 2020,40000
2020,President,polls-plus,10/2/2020,Trump,Biden,"",0,0,,531,16:34:03  2 Oct 2020,40000
2020,President,polls-plus,10/2/2020,Trump,Biden,"",0,.000175,,530,16:34:03  2 Oct 2020,40000
2020,President,polls-plus,10/2/2020,Trump,Biden,"",.00035,0,,53,16:34:03  2 Oct 2020,40000
2020,President,polls-plus,10/2/2020,Trump,Biden,"",0,.0001,,529,16:34:03  2 Oct 2020,40000
2020,President,polls-plus,10/2/2020,Trump,Biden,"",0,.00015,,528,16:34:03  2 Oct 2020,40000
2020,President,polls-plus,10/2/2020,Trump,Biden,"",0,.000125,,527,16:34:03  2 Oct 2020,40000
2020,President,polls-plus,10/2/2020,Trump,Biden,"",0,.000025,,526,16:34:03  2 Oct 2020,40000
2020,President,polls-plus,10/2/2020,Trump,Biden,"",0,.00005,,525,16:34:03  2 Oct 2020,40000
2020,President,polls-plus,10/2/2020,Trump,Biden,"",0,.000175,,524,16:34:03  2 Oct 2020,40000
2020,President,polls-plus,10/2/2020,Trump,Biden,"",0,.000025,,523,16:34:03  2 Oct 2020,40000
2020,President,polls-plus,10/2/2020,Trump,Biden,"",0,.000275,,522,16:34:03  2 Oct 2020,40000
2020,President,polls-plus,10/2/2020,Trump,Biden,"",0,.0002,,521,16:34:03  2 Oct 2020,40000
2020,President,polls-plus,10/2/2020,Trump,Biden,"",0,.000075,,520,16:34:03  2 Oct 2020,40000
2020,President,polls-plus,10/2/2020,Trump,Biden,"",.0008,0,,52,16:34:03  2 Oct 2020,40000
2020,President,polls-plus,10/2/2020,Trump,Biden,"",0,.00015,,519,16:34:03  2 Oct 2020,40000
2020,President,polls-plus,10/2/2020,Trump,Biden,"",0,.00005,,518,16:34:03  2 Oct 2020,40000
2020,President,polls-plus,10/2/2020,Trump,Biden,"",0,.000125,,517,16:34:03  2 Oct 2020,40000
2020,President,polls-plus,10/2/2020,Trump,Biden,"",0,.000125,,516,16:34:03  2 Oct 2020,40000
2020,President,polls-plus,10/2/2020,Trump,Biden,"",0,.000125,,515,16:34:03  2 Oct 2020,40000
2020,President,polls-plus,10/2/2020,Trump,Biden,"",0,.0001,,514,16:34:03  2 Oct 2020,40000
2020,President,polls-plus,10/2/2020,Trump,Biden,"",0,.00015,,513,16:34:03  2 Oct 2020,40000
2020,President,polls-plus,10/2/2020,Trump,Biden,"",0,.00035,,512,16:34:03  2 Oct 2020,40000
2020,President,polls-plus,10/2/2020,Trump,Biden,"",0,.0001,,511,16:34:03  2 Oct 2020,40000
2020,President,polls-plus,10/2/2020,Trump,Biden,"",0,.000175,,510,16:34:03  2 Oct 2020,40000
2020,President,polls-plus,10/2/2020,Trump,Biden,"",.0009,0,,51,16:34:03  2 Oct 2020,40000
2020,President,polls-plus,10/2/2020,Trump,Biden,"",0,.000375,,509,16:34:03  2 Oct 2020,40000
2020,President,polls-plus,10/2/2020,Trump,Biden,"",0,.00025,,508,16:34:03  2 Oct 2020,40000
2020,President,polls-plus,10/2/2020,Trump,Biden,"",0,.0003,,507,16:34:03  2 Oct 2020,40000
2020,President,polls-plus,10/2/2020,Trump,Biden,"",.000025,.00035,,506,16:34:03  2 Oct 2020,40000
2020,President,polls-plus,10/2/2020,Trump,Biden,"",0,.000275,,505,16:34:03  2 Oct 2020,40000
2020,President,polls-plus,10/2/2020,Trump,Biden,"",0,.000325,,504,16:34:03  2 Oct 2020,40000
2020,President,polls-plus,10/2/2020,Trump,Biden,"",0,.00035,,503,16:34:03  2 Oct 2020,40000
2020,President,polls-plus,10/2/2020,Trump,Biden,"",0,.0004,,502,16:34:03  2 Oct 2020,40000
2020,President,polls-plus,10/2/2020,Trump,Biden,"",0,.00045,,501,16:34:03  2 Oct 2020,40000
2020,President,polls-plus,10/2/2020,Trump,Biden,"",.000025,.0001,,500,16:34:03  2 Oct 2020,40000
2020,President,polls-plus,10/2/2020,Trump,Biden,"",.000225,0,,50,16:34:03  2 Oct 2020,40000
2020,President,polls-plus,10/2/2020,Trump,Biden,"",.000025,0,,5,16:34:03  2 Oct 2020,40000
2020,President,polls-plus,10/2/2020,Trump,Biden,"",0,.000275,,499,16:34:03  2 Oct 2020,40000
2020,President,polls-plus,10/2/2020,Trump,Biden,"",0,.000325,,498,16:34:03  2 Oct 2020,40000
2020,President,polls-plus,10/2/2020,Trump,Biden,"",0,.00025,,497,16:34:03  2 Oct 2020,40000
2020,President,polls-plus,10/2/2020,Trump,Biden,"",0,.0004,,496,16:34:03  2 Oct 2020,40000
2020,President,polls-plus,10/2/2020,Trump,Biden,"",0,.000625,,495,16:34:03  2 Oct 2020,40000
2020,President,polls-plus,10/2/2020,Trump,Biden,"",0,.000325,,494,16:34:03  2 Oct 2020,40000
2020,President,polls-plus,10/2/2020,Trump,Biden,"",.000025,.000475,,493,16:34:03  2 Oct 2020,40000
2020,President,polls-plus,10/2/2020,Trump,Biden,"",0,.000475,,492,16:34:03  2 Oct 2020,40000
2020,President,polls-plus,10/2/2020,Trump,Biden,"",0,.00015,,491,16:34:03  2 Oct 2020,40000
2020,President,polls-plus,10/2/2020,Trump,Biden,"",0,.00055,,490,16:34:03  2 Oct 2020,40000
2020,President,polls-plus,10/2/2020,Trump,Biden,"",.0003,0,,49,16:34:03  2 Oct 2020,40000
2020,President,polls-plus,10/2/2020,Trump,Biden,"",0,.0003,,489,16:34:03  2 Oct 2020,40000
2020,President,polls-plus,10/2/2020,Trump,Biden,"",0,.000225,,488,16:34:03  2 Oct 2020,40000
2020,President,polls-plus,10/2/2020,Trump,Biden,"",0,.0009,,487,16:34:03  2 Oct 2020,40000
2020,President,polls-plus,10/2/2020,Trump,Biden,"",0,.0008,,486,16:34:03  2 Oct 2020,40000
2020,President,polls-plus,10/2/2020,Trump,Biden,"",0,.00035,,485,16:34:03  2 Oct 2020,40000
2020,President,polls-plus,10/2/2020,Trump,Biden,"",0,.000675,,484,16:34:03  2 Oct 2020,40000
2020,President,polls-plus,10/2/2020,Trump,Biden,"",0,.0006,,483,16:34:03  2 Oct 2020,40000
2020,President,polls-plus,10/2/2020,Trump,Biden,"",0,.000425,,482,16:34:03  2 Oct 2020,40000
2020,President,polls-plus,10/2/2020,Trump,Biden,"",0,.000575,,481,16:34:03  2 Oct 2020,40000
2020,President,polls-plus,10/2/2020,Trump,Biden,"",.000025,.00035,,480,16:34:03  2 Oct 2020,40000
2020,President,polls-plus,10/2/2020,Trump,Biden,"",.00055,0,,48,16:34:03  2 Oct 2020,40000
2020,President,polls-plus,10/2/2020,Trump,Biden,"",.000025,.00035,,479,16:34:03  2 Oct 2020,40000
2020,President,polls-plus,10/2/2020,Trump,Biden,"",0,.000675,,478,16:34:03  2 Oct 2020,40000
2020,President,polls-plus,10/2/2020,Trump,Biden,"",0,.00065,,477,16:34:03  2 Oct 2020,40000
2020,President,polls-plus,10/2/2020,Trump,Biden,"",0,.00065,,476,16:34:03  2 Oct 2020,40000
2020,President,polls-plus,10/2/2020,Trump,Biden,"",0,.00135,,475,16:34:03  2 Oct 2020,40000
2020,President,polls-plus,10/2/2020,Trump,Biden,"",0,.000475,,474,16:34:03  2 Oct 2020,40000
2020,President,polls-plus,10/2/2020,Trump,Biden,"",0,.000725,,473,16:34:03  2 Oct 2020,40000
2020,President,polls-plus,10/2/2020,Trump,Biden,"",0,.00075,,472,16:34:03  2 Oct 2020,40000
2020,President,polls-plus,10/2/2020,Trump,Biden,"",0,.0007,,471,16:34:03  2 Oct 2020,40000
2020,President,polls-plus,10/2/2020,Trump,Biden,"",0,.0011,,470,16:34:03  2 Oct 2020,40000
2020,President,polls-plus,10/2/2020,Trump,Biden,"",.00015,0,,47,16:34:03  2 Oct 2020,40000
2020,President,polls-plus,10/2/2020,Trump,Biden,"",0,.0007,,469,16:34:03  2 Oct 2020,40000
2020,President,polls-plus,10/2/2020,Trump,Biden,"",0,.00075,,468,16:34:03  2 Oct 2020,40000
2020,President,polls-plus,10/2/2020,Trump,Biden,"",0,.0008,,467,16:34:03  2 Oct 2020,40000
2020,President,polls-plus,10/2/2020,Trump,Biden,"",0,.001025,,466,16:34:03  2 Oct 2020,40000
2020,President,polls-plus,10/2/2020,Trump,Biden,"",.000025,.000625,,465,16:34:03  2 Oct 2020,40000
2020,President,polls-plus,10/2/2020,Trump,Biden,"",0,.00095,,464,16:34:03  2 Oct 2020,40000
2020,President,polls-plus,10/2/2020,Trump,Biden,"",0,.0009,,463,16:34:03  2 Oct 2020,40000
2020,President,polls-plus,10/2/2020,Trump,Biden,"",0,.001225,,462,16:34:03  2 Oct 2020,40000
2020,President,polls-plus,10/2/2020,Trump,Biden,"",0,.001425,,461,16:34:03  2 Oct 2020,40000
2020,President,polls-plus,10/2/2020,Trump,Biden,"",0,.00075,,460,16:34:03  2 Oct 2020,40000
2020,President,polls-plus,10/2/2020,Trump,Biden,"",.000475,0,,46,16:34:03  2 Oct 2020,40000
2020,President,polls-plus,10/2/2020,Trump,Biden,"",0,.00085,,459,16:34:03  2 Oct 2020,40000
2020,President,polls-plus,10/2/2020,Trump,Biden,"",0,.00125,,458,16:34:03  2 Oct 2020,40000
2020,President,polls-plus,10/2/2020,Trump,Biden,"",0,.0011,,457,16:34:03  2 Oct 2020,40000
2020,President,polls-plus,10/2/2020,Trump,Biden,"",0,.001375,,456,16:34:03  2 Oct 2020,40000
2020,President,polls-plus,10/2/2020,Trump,Biden,"",0,.001875,,455,16:34:03  2 Oct 2020,40000
2020,President,polls-plus,10/2/2020,Trump,Biden,"",.000025,.0007,,454,16:34:03  2 Oct 2020,40000
2020,President,polls-plus,10/2/2020,Trump,Biden,"",.000025,.001175,,453,16:34:03  2 Oct 2020,40000
2020,President,polls-plus,10/2/2020,Trump,Biden,"",0,.0018,,452,16:34:03  2 Oct 2020,40000
2020,President,polls-plus,10/2/2020,Trump,Biden,"",.00005,.00115,,451,16:34:03  2 Oct 2020,40000
2020,President,polls-plus,10/2/2020,Trump,Biden,"",0,.001325,,450,16:34:03  2 Oct 2020,40000
2020,President,polls-plus,10/2/2020,Trump,Biden,"",.000475,.000025,,45,16:34:03  2 Oct 2020,40000
2020,President,polls-plus,10/2/2020,Trump,Biden,"",0,.001775,,449,16:34:03  2 Oct 2020,40000
2020,President,polls-plus,10/2/2020,Trump,Biden,"",.000025,.00075,,448,16:34:03  2 Oct 2020,40000
2020,President,polls-plus,10/2/2020,Trump,Biden,"",0,.001275,,447,16:34:03  2 Oct 2020,40000
2020,President,polls-plus,10/2/2020,Trump,Biden,"",0,.0022,,446,16:34:03  2 Oct 2020,40000
2020,President,polls-plus,10/2/2020,Trump,Biden,"",0,.00205,,445,16:34:03  2 Oct 2020,40000
2020,President,polls-plus,10/2/2020,Trump,Biden,"",.000025,.00275,,444,16:34:03  2 Oct 2020,40000
2020,President,polls-plus,10/2/2020,Trump,Biden,"",0,.001125,,443,16:34:03  2 Oct 2020,40000
2020,President,polls-plus,10/2/2020,Trump,Biden,"",.000025,.00205,,442,16:34:03  2 Oct 2020,40000
2020,President,polls-plus,10/2/2020,Trump,Biden,"",.00005,.002225,,441,16:34:03  2 Oct 2020,40000
2020,President,polls-plus,10/2/2020,Trump,Biden,"",0,.00155,,440,16:34:03  2 Oct 2020,40000
2020,President,polls-plus,10/2/2020,Trump,Biden,"",.000325,0,,44,16:34:03  2 Oct 2020,40000
2020,President,polls-plus,10/2/2020,Trump,Biden,"",0,.001825,,439,16:34:03  2 Oct 2020,40000
2020,President,polls-plus,10/2/2020,Trump,Biden,"",.000025,.00295,,438,16:34:03  2 Oct 2020,40000
2020,President,polls-plus,10/2/2020,Trump,Biden,"",0,.001575,,437,16:34:03  2 Oct 2020,40000
2020,President,polls-plus,10/2/2020,Trump,Biden,"",0,.00365,,436,16:34:03  2 Oct 2020,40000
2020,President,polls-plus,10/2/2020,Trump,Biden,"",0,.0046,,435,16:34:03  2 Oct 2020,40000
2020,President,polls-plus,10/2/2020,Trump,Biden,"",0,.002775,,434,16:34:03  2 Oct 2020,40000
2020,President,polls-plus,10/2/2020,Trump,Biden,"",0,.001325,,433,16:34:03  2 Oct 2020,40000
2020,President,polls-plus,10/2/2020,Trump,Biden,"",0,.002375,,432,16:34:03  2 Oct 2020,40000
2020,President,polls-plus,10/2/2020,Trump,Biden,"",0,.003,,431,16:34:03  2 Oct 2020,40000
2020,President,polls-plus,10/2/2020,Trump,Biden,"",.000025,.001775,,430,16:34:03  2 Oct 2020,40000
2020,President,polls-plus,10/2/2020,Trump,Biden,"",.000625,0,,43,16:34:03  2 Oct 2020,40000
2020,President,polls-plus,10/2/2020,Trump,Biden,"",.000025,.0039,,429,16:34:03  2 Oct 2020,40000
2020,President,polls-plus,10/2/2020,Trump,Biden,"",.000025,.005375,,428,16:34:03  2 Oct 2020,40000
2020,President,polls-plus,10/2/2020,Trump,Biden,"",0,.002225,,427,16:34:03  2 Oct 2020,40000
2020,President,polls-plus,10/2/2020,Trump,Biden,"",.00005,.0036,,426,16:34:03  2 Oct 2020,40000
2020,President,polls-plus,10/2/2020,Trump,Biden,"",.00005,.006525,,425,16:34:03  2 Oct 2020,40000
2020,President,polls-plus,10/2/2020,Trump,Biden,"",.00005,.001375,,424,16:34:03  2 Oct 2020,40000
2020,President,polls-plus,10/2/2020,Trump,Biden,"",.000075,.002725,,423,16:34:03  2 Oct 2020,40000
2020,President,polls-plus,10/2/2020,Trump,Biden,"",.00005,.00835,,422,16:34:03  2 Oct 2020,40000
2020,President,polls-plus,10/2/2020,Trump,Biden,"",0,.0027,,421,16:34:03  2 Oct 2020,40000
2020,President,polls-plus,10/2/2020,Trump,Biden,"",.000025,.0018,,420,16:34:03  2 Oct 2020,40000
2020,President,polls-plus,10/2/2020,Trump,Biden,"",.0004,0,,42,16:34:03  2 Oct 2020,40000
2020,President,polls-plus,10/2/2020,Trump,Biden,"",0,.00925,,419,16:34:03  2 Oct 2020,40000
2020,President,polls-plus,10/2/2020,Trump,Biden,"",0,.0018,,418,16:34:03  2 Oct 2020,40000
2020,President,polls-plus,10/2/2020,Trump,Biden,"",.000025,.001775,,417,16:34:03  2 Oct 2020,40000
2020,President,polls-plus,10/2/2020,Trump,Biden,"",0,.01705,,416,16:34:03  2 Oct 2020,40000
2020,President,polls-plus,10/2/2020,Trump,Biden,"",.00005,.0032,,415,16:34:03  2 Oct 2020,40000
2020,President,polls-plus,10/2/2020,Trump,Biden,"",0,.00135,,414,16:34:03  2 Oct 2020,40000
2020,President,polls-plus,10/2/2020,Trump,Biden,"",.00005,.025875,,413,16:34:03  2 Oct 2020,40000
2020,President,polls-plus,10/2/2020,Trump,Biden,"",.000075,.0086,,412,16:34:03  2 Oct 2020,40000
2020,President,polls-plus,10/2/2020,Trump,Biden,"",.000075,.0012,,411,16:34:03  2 Oct 2020,40000
2020,President,polls-plus,10/2/2020,Trump,Biden,"",0,.00245,,410,16:34:03  2 Oct 2020,40000
2020,President,polls-plus,10/2/2020,Trump,Biden,"",.00025,0,,41,16:34:03  2 Oct 2020,40000
2020,President,polls-plus,10/2/2020,Trump,Biden,"",.000025,.001875,,409,16:34:03  2 Oct 2020,40000
2020,President,polls-plus,10/2/2020,Trump,Biden,"",.00015,.0012,,408,16:34:03  2 Oct 2020,40000
2020,President,polls-plus,10/2/2020,Trump,Biden,"",.00015,.0061,,407,16:34:03  2 Oct 2020,40000
2020,President,polls-plus,10/2/2020,Trump,Biden,"",0,.0072,,406,16:34:03  2 Oct 2020,40000
2020,President,polls-plus,10/2/2020,Trump,Biden,"",.00005,.001025,,405,16:34:03  2 Oct 2020,40000
2020,President,polls-plus,10/2/2020,Trump,Biden,"",.0002,.001525,,404,16:34:03  2 Oct 2020,40000
2020,President,polls-plus,10/2/2020,Trump,Biden,"",.00005,.00235,,403,16:34:03  2 Oct 2020,40000
2020,President,polls-plus,10/2/2020,Trump,Biden,"",.00005,.001875,,402,16:34:03  2 Oct 2020,40000
2020,President,polls-plus,10/2/2020,Trump,Biden,"",.0001,.001425,,401,16:34:03  2 Oct 2020,40000
2020,President,polls-plus,10/2/2020,Trump,Biden,"",.000075,.003475,,400,16:34:03  2 Oct 2020,40000
2020,President,polls-plus,10/2/2020,Trump,Biden,"",.000325,0,,40,16:34:03  2 Oct 2020,40000
2020,President,polls-plus,10/2/2020,Trump,Biden,"",.0004,0,,4,16:34:03  2 Oct 2020,40000
2020,President,polls-plus,10/2/2020,Trump,Biden,"",.000075,.00115,,399,16:34:03  2 Oct 2020,40000
2020,President,polls-plus,10/2/2020,Trump,Biden,"",.000175,.001475,,398,16:34:03  2 Oct 2020,40000
2020,President,polls-plus,10/2/2020,Trump,Biden,"",.0001,.005875,,397,16:34:03  2 Oct 2020,40000
2020,President,polls-plus,10/2/2020,Trump,Biden,"",.0002,.0022,,396,16:34:03  2 Oct 2020,40000
2020,President,polls-plus,10/2/2020,Trump,Biden,"",.000025,.0018,,395,16:34:03  2 Oct 2020,40000
2020,President,polls-plus,10/2/2020,Trump,Biden,"",.000075,.00235,,394,16:34:03  2 Oct 2020,40000
2020,President,polls-plus,10/2/2020,Trump,Biden,"",.0001,.001225,,393,16:34:03  2 Oct 2020,40000
2020,President,polls-plus,10/2/2020,Trump,Biden,"",.000125,.0018,,392,16:34:03  2 Oct 2020,40000
2020,President,polls-plus,10/2/2020,Trump,Biden,"",.000025,.003775,,391,16:34:03  2 Oct 2020,40000
2020,President,polls-plus,10/2/2020,Trump,Biden,"",.000125,.0031,,390,16:34:03  2 Oct 2020,40000
2020,President,polls-plus,10/2/2020,Trump,Biden,"",.000275,0,,39,16:34:03  2 Oct 2020,40000
2020,President,polls-plus,10/2/2020,Trump,Biden,"",.00015,.00185,,389,16:34:03  2 Oct 2020,40000
2020,President,polls-plus,10/2/2020,Trump,Biden,"",.0001,.00455,,388,16:34:03  2 Oct 2020,40000
2020,President,polls-plus,10/2/2020,Trump,Biden,"",.0001,.002325,,387,16:34:03  2 Oct 2020,40000
2020,President,polls-plus,10/2/2020,Trump,Biden,"",.000175,.00135,,386,16:34:03  2 Oct 2020,40000
2020,President,polls-plus,10/2/2020,Trump,Biden,"",.000025,.001625,,385,16:34:03  2 Oct 2020,40000
2020,President,polls-plus,10/2/2020,Trump,Biden,"",.000075,.00315,,384,16:34:03  2 Oct 2020,40000
2020,President,polls-plus,10/2/2020,Trump,Biden,"",.000275,.0016,,383,16:34:03  2 Oct 2020,40000
2020,President,polls-plus,10/2/2020,Trump,Biden,"",.000325,.001675,,382,16:34:03  2 Oct 2020,40000
2020,President,polls-plus,10/2/2020,Trump,Biden,"",.000175,.005075,,381,16:34:03  2 Oct 2020,40000
2020,President,polls-plus,10/2/2020,Trump,Biden,"",.000125,.001825,,380,16:34:03  2 Oct 2020,40000
2020,President,polls-plus,10/2/2020,Trump,Biden,"",.0001,.000025,,38,16:34:03  2 Oct 2020,40000
2020,President,polls-plus,10/2/2020,Trump,Biden,"",.000175,.0016,,379,16:34:03  2 Oct 2020,40000
2020,President,polls-plus,10/2/2020,Trump,Biden,"",.00025,.008275,,378,16:34:03  2 Oct 2020,40000
2020,President,polls-plus,10/2/2020,Trump,Biden,"",.00015,.002025,,377,16:34:03  2 Oct 2020,40000
2020,President,polls-plus,10/2/2020,Trump,Biden,"",.000325,.00175,,376,16:34:03  2 Oct 2020,40000
2020,President,polls-plus,10/2/2020,Trump,Biden,"",.000375,.0218,,375,16:34:03  2 Oct 2020,40000
2020,President,polls-plus,10/2/2020,Trump,Biden,"",.000275,.0056,,374,16:34:03  2 Oct 2020,40000
2020,President,polls-plus,10/2/2020,Trump,Biden,"",.0002,.001875,,373,16:34:03  2 Oct 2020,40000
2020,President,polls-plus,10/2/2020,Trump,Biden,"",.0002,.004,,372,16:34:03  2 Oct 2020,40000
2020,President,polls-plus,10/2/2020,Trump,Biden,"",.000175,.002225,,371,16:34:03  2 Oct 2020,40000
2020,President,polls-plus,10/2/2020,Trump,Biden,"",.000175,.0015,,370,16:34:03  2 Oct 2020,40000
2020,President,polls-plus,10/2/2020,Trump,Biden,"",.00045,0,,37,16:34:03  2 Oct 2020,40000
2020,President,polls-plus,10/2/2020,Trump,Biden,"",.000275,.0112,,369,16:34:03  2 Oct 2020,40000
2020,President,polls-plus,10/2/2020,Trump,Biden,"",.000275,.00995,,368,16:34:03  2 Oct 2020,40000
2020,President,polls-plus,10/2/2020,Trump,Biden,"",.000325,.00185,,367,16:34:03  2 Oct 2020,40000
2020,President,polls-plus,10/2/2020,Trump,Biden,"",.0004,.00165,,366,16:34:03  2 Oct 2020,40000
2020,President,polls-plus,10/2/2020,Trump,Biden,"",.0001,.00385,,365,16:34:03  2 Oct 2020,40000
2020,President,polls-plus,10/2/2020,Trump,Biden,"",.000175,.003775,,364,16:34:03  2 Oct 2020,40000
2020,President,polls-plus,10/2/2020,Trump,Biden,"",.0008,.002625,,363,16:34:03  2 Oct 2020,40000
2020,President,polls-plus,10/2/2020,Trump,Biden,"",.00185,.0058,,362,16:34:03  2 Oct 2020,40000
2020,President,polls-plus,10/2/2020,Trump,Biden,"",.000425,.00175,,361,16:34:03  2 Oct 2020,40000
2020,President,polls-plus,10/2/2020,Trump,Biden,"",.0004,.00245,,360,16:34:03  2 Oct 2020,40000
2020,President,polls-plus,10/2/2020,Trump,Biden,"",.0004,0,,36,16:34:03  2 Oct 2020,40000
2020,President,polls-plus,10/2/2020,Trump,Biden,"",.0002,.01405,,359,16:34:03  2 Oct 2020,40000
2020,President,polls-plus,10/2/2020,Trump,Biden,"",.0006,.00545,,358,16:34:03  2 Oct 2020,40000
2020,President,polls-plus,10/2/2020,Trump,Biden,"",.00125,.004525,,357,16:34:03  2 Oct 2020,40000
2020,President,polls-plus,10/2/2020,Trump,Biden,"",.000325,.004025,,356,16:34:03  2 Oct 2020,40000
2020,President,polls-plus,10/2/2020,Trump,Biden,"",.00185,.001725,,355,16:34:03  2 Oct 2020,40000
2020,President,polls-plus,10/2/2020,Trump,Biden,"",.00025,.002825,,354,16:34:03  2 Oct 2020,40000
2020,President,polls-plus,10/2/2020,Trump,Biden,"",.00095,.013825,,353,16:34:03  2 Oct 2020,40000
2020,President,polls-plus,10/2/2020,Trump,Biden,"",.00045,.00765,,352,16:34:03  2 Oct 2020,40000
2020,President,polls-plus,10/2/2020,Trump,Biden,"",.00055,.003975,,351,16:34:03  2 Oct 2020,40000
2020,President,polls-plus,10/2/2020,Trump,Biden,"",.00265,.0074,,350,16:34:03  2 Oct 2020,40000
2020,President,polls-plus,10/2/2020,Trump,Biden,"",.00035,0,,35,16:34:03  2 Oct 2020,40000
2020,President,polls-plus,10/2/2020,Trump,Biden,"",.0021,.002925,,349,16:34:03  2 Oct 2020,40000
2020,President,polls-plus,10/2/2020,Trump,Biden,"",.001475,.003625,,348,16:34:03  2 Oct 2020,40000
2020,President,polls-plus,10/2/2020,Trump,Biden,"",.000675,.00365,,347,16:34:03  2 Oct 2020,40000
2020,President,polls-plus,10/2/2020,Trump,Biden,"",.000525,.0027,,346,16:34:03  2 Oct 2020,40000
2020,President,polls-plus,10/2/2020,Trump,Biden,"",.000975,.001925,,345,16:34:03  2 Oct 2020,40000
2020,President,polls-plus,10/2/2020,Trump,Biden,"",.002175,.00655,,344,16:34:03  2 Oct 2020,40000
2020,President,polls-plus,10/2/2020,Trump,Biden,"",.0005,.0036,,343,16:34:03  2 Oct 2020,40000
2020,President,polls-plus,10/2/2020,Trump,Biden,"",.002375,.005075,,342,16:34:03  2 Oct 2020,40000
2020,President,polls-plus,10/2/2020,Trump,Biden,"",.001125,.0049,,341,16:34:03  2 Oct 2020,40000
2020,President,polls-plus,10/2/2020,Trump,Biden,"",.001075,.003075,,340,16:34:03  2 Oct 2020,40000
2020,President,polls-plus,10/2/2020,Trump,Biden,"",.000325,0,,34,16:34:03  2 Oct 2020,40000
2020,President,polls-plus,10/2/2020,Trump,Biden,"",.0013,.003125,,339,16:34:03  2 Oct 2020,40000
2020,President,polls-plus,10/2/2020,Trump,Biden,"",.00175,.008575,,338,16:34:03  2 Oct 2020,40000
2020,President,polls-plus,10/2/2020,Trump,Biden,"",.0041,.006875,,337,16:34:03  2 Oct 2020,40000
2020,President,polls-plus,10/2/2020,Trump,Biden,"",.0007,.00345,,336,16:34:03  2 Oct 2020,40000
2020,President,polls-plus,10/2/2020,Trump,Biden,"",.004325,.007375,,335,16:34:03  2 Oct 2020,40000
2020,President,polls-plus,10/2/2020,Trump,Biden,"",.0009,.00715,,334,16:34:03  2 Oct 2020,40000
2020,President,polls-plus,10/2/2020,Trump,Biden,"",.001,.004,,333,16:34:03  2 Oct 2020,40000
2020,President,polls-plus,10/2/2020,Trump,Biden,"",.000975,.002125,,332,16:34:03  2 Oct 2020,40000
2020,President,polls-plus,10/2/2020,Trump,Biden,"",.0022,.002475,,331,16:34:03  2 Oct 2020,40000
2020,President,polls-plus,10/2/2020,Trump,Biden,"",.0008,.0032,,330,16:34:03  2 Oct 2020,40000
2020,President,polls-plus,10/2/2020,Trump,Biden,"",.000275,0,,33,16:34:03  2 Oct 2020,40000
2020,President,polls-plus,10/2/2020,Trump,Biden,"",.00155,.0032,,329,16:34:03  2 Oct 2020,40000
2020,President,polls-plus,10/2/2020,Trump,Biden,"",.0037,.00255,,328,16:34:03  2 Oct 2020,40000
2020,President,polls-plus,10/2/2020,Trump,Biden,"",.00155,.004075,,327,16:34:03  2 Oct 2020,40000
2020,President,polls-plus,10/2/2020,Trump,Biden,"",.00405,.003825,,326,16:34:03  2 Oct 2020,40000
2020,President,polls-plus,10/2/2020,Trump,Biden,"",.0025,.00355,,325,16:34:03  2 Oct 2020,40000
2020,President,polls-plus,10/2/2020,Trump,Biden,"",.0009,.00505,,324,16:34:03  2 Oct 2020,40000
2020,President,polls-plus,10/2/2020,Trump,Biden,"",.001,.005075,,323,16:34:03  2 Oct 2020,40000
2020,President,polls-plus,10/2/2020,Trump,Biden,"",.00315,.003975,,322,16:34:03  2 Oct 2020,40000
2020,President,polls-plus,10/2/2020,Trump,Biden,"",.00185,.00225,,321,16:34:03  2 Oct 2020,40000
2020,President,polls-plus,10/2/2020,Trump,Biden,"",.001875,.0059,,320,16:34:03  2 Oct 2020,40000
2020,President,polls-plus,10/2/2020,Trump,Biden,"",.00035,.000025,,32,16:34:03  2 Oct 2020,40000
2020,President,polls-plus,10/2/2020,Trump,Biden,"",.001625,.016325,,319,16:34:03  2 Oct 2020,40000
2020,President,polls-plus,10/2/2020,Trump,Biden,"",.00185,.00665,,318,16:34:03  2 Oct 2020,40000
2020,President,polls-plus,10/2/2020,Trump,Biden,"",.0012,.0021,,317,16:34:03  2 Oct 2020,40000
2020,President,polls-plus,10/2/2020,Trump,Biden,"",.00345,.002825,,316,16:34:03  2 Oct 2020,40000
2020,President,polls-plus,10/2/2020,Trump,Biden,"",.001525,.0043,,315,16:34:03  2 Oct 2020,40000
2020,President,polls-plus,10/2/2020,Trump,Biden,"",.0009,.0039,,314,16:34:03  2 Oct 2020,40000
2020,President,polls-plus,10/2/2020,Trump,Biden,"",.00125,.00625,,313,16:34:03  2 Oct 2020,40000
2020,President,polls-plus,10/2/2020,Trump,Biden,"",.00475,.003725,,312,16:34:03  2 Oct 2020,40000
2020,President,polls-plus,10/2/2020,Trump,Biden,"",.00265,.00195,,311,16:34:03  2 Oct 2020,40000
2020,President,polls-plus,10/2/2020,Trump,Biden,"",.003675,.00235,,310,16:34:03  2 Oct 2020,40000
2020,President,polls-plus,10/2/2020,Trump,Biden,"",.0003,0,,31,16:34:03  2 Oct 2020,40000
2020,President,polls-plus,10/2/2020,Trump,Biden,"",.002225,.006,,309,16:34:03  2 Oct 2020,40000
2020,President,polls-plus,10/2/2020,Trump,Biden,"",.001475,.0088,,308,16:34:03  2 Oct 2020,40000
2020,President,polls-plus,10/2/2020,Trump,Biden,"",.0009,.004425,,307,16:34:03  2 Oct 2020,40000
2020,President,polls-plus,10/2/2020,Trump,Biden,"",.00325,.003725,,306,16:34:03  2 Oct 2020,40000
2020,President,polls-plus,10/2/2020,Trump,Biden,"",.00205,.0029,,305,16:34:03  2 Oct 2020,40000
2020,President,polls-plus,10/2/2020,Trump,Biden,"",.0018,.003025,,304,16:34:03  2 Oct 2020,40000
2020,President,polls-plus,10/2/2020,Trump,Biden,"",.0013,.00325,,303,16:34:03  2 Oct 2020,40000
2020,President,polls-plus,10/2/2020,Trump,Biden,"",.0025,.002625,,302,16:34:03  2 Oct 2020,40000
2020,President,polls-plus,10/2/2020,Trump,Biden,"",.001875,.00275,,301,16:34:03  2 Oct 2020,40000
2020,President,polls-plus,10/2/2020,Trump,Biden,"",.0041,.0018,,300,16:34:03  2 Oct 2020,40000
2020,President,polls-plus,10/2/2020,Trump,Biden,"",.00025,0,,30,16:34:03  2 Oct 2020,40000
2020,President,polls-plus,10/2/2020,Trump,Biden,"",.000075,0,,3,16:34:03  2 Oct 2020,40000
2020,President,polls-plus,10/2/2020,Trump,Biden,"",.002175,.001875,,299,16:34:03  2 Oct 2020,40000
2020,President,polls-plus,10/2/2020,Trump,Biden,"",.0009,.0065,,298,16:34:03  2 Oct 2020,40000
2020,President,polls-plus,10/2/2020,Trump,Biden,"",.00085,.005425,,297,16:34:03  2 Oct 2020,40000
2020,President,polls-plus,10/2/2020,Trump,Biden,"",.005,.001875,,296,16:34:03  2 Oct 2020,40000
2020,President,polls-plus,10/2/2020,Trump,Biden,"",.003475,.004175,,295,16:34:03  2 Oct 2020,40000
2020,President,polls-plus,10/2/2020,Trump,Biden,"",.003475,.0057,,294,16:34:03  2 Oct 2020,40000
2020,President,polls-plus,10/2/2020,Trump,Biden,"",.002125,.0034,,293,16:34:03  2 Oct 2020,40000
2020,President,polls-plus,10/2/2020,Trump,Biden,"",.002075,.0031,,292,16:34:03  2 Oct 2020,40000
2020,President,polls-plus,10/2/2020,Trump,Biden,"",.00185,.00505,,291,16:34:03  2 Oct 2020,40000
2020,President,polls-plus,10/2/2020,Trump,Biden,"",.00475,.01165,,290,16:34:03  2 Oct 2020,40000
2020,President,polls-plus,10/2/2020,Trump,Biden,"",.000375,0,,29,16:34:03  2 Oct 2020,40000
2020,President,polls-plus,10/2/2020,Trump,Biden,"",.003175,.0064,,289,16:34:03  2 Oct 2020,40000
2020,President,polls-plus,10/2/2020,Trump,Biden,"",.00135,.002975,,288,16:34:03  2 Oct 2020,40000
2020,President,polls-plus,10/2/2020,Trump,Biden,"",.00075,.001775,,287,16:34:03  2 Oct 2020,40000
2020,President,polls-plus,10/2/2020,Trump,Biden,"",.00415,.002125,,286,16:34:03  2 Oct 2020,40000
2020,President,polls-plus,10/2/2020,Trump,Biden,"",.0044,.003475,,285,16:34:03  2 Oct 2020,40000
2020,President,polls-plus,10/2/2020,Trump,Biden,"",.0034,.00285,,284,16:34:03  2 Oct 2020,40000
2020,President,polls-plus,10/2/2020,Trump,Biden,"",.002925,.002575,,283,16:34:03  2 Oct 2020,40000
2020,President,polls-plus,10/2/2020,Trump,Biden,"",.00165,.003,,282,16:34:03  2 Oct 2020,40000
2020,President,polls-plus,10/2/2020,Trump,Biden,"",.00175,.00145,,281,16:34:03  2 Oct 2020,40000
2020,President,polls-plus,10/2/2020,Trump,Biden,"",.004875,.007675,,280,16:34:03  2 Oct 2020,40000
2020,President,polls-plus,10/2/2020,Trump,Biden,"",.000175,0,,28,16:34:03  2 Oct 2020,40000
2020,President,polls-plus,10/2/2020,Trump,Biden,"",.00485,.01845,,279,16:34:03  2 Oct 2020,40000
2020,President,polls-plus,10/2/2020,Trump,Biden,"",.002275,.010575,,278,16:34:03  2 Oct 2020,40000
2020,President,polls-plus,10/2/2020,Trump,Biden,"",.00095,.0017,,277,16:34:03  2 Oct 2020,40000
2020,President,polls-plus,10/2/2020,Trump,Biden,"",.003175,.00165,,276,16:34:03  2 Oct 2020,40000
2020,President,polls-plus,10/2/2020,Trump,Biden,"",.003625,.002775,,275,16:34:03  2 Oct 2020,40000
2020,President,polls-plus,10/2/2020,Trump,Biden,"",.0027,.0049,,274,16:34:03  2 Oct 2020,40000
2020,President,polls-plus,10/2/2020,Trump,Biden,"",.0029,.007475,,273,16:34:03  2 Oct 2020,40000
2020,President,polls-plus,10/2/2020,Trump,Biden,"",.0019,.004075,,272,16:34:03  2 Oct 2020,40000
2020,President,polls-plus,10/2/2020,Trump,Biden,"",.0012,.00145,,271,16:34:03  2 Oct 2020,40000
2020,President,polls-plus,10/2/2020,Trump,Biden,"",.00495,.002525,,270,16:34:03  2 Oct 2020,40000
2020,President,polls-plus,10/2/2020,Trump,Biden,"",.0001,0,,27,16:34:03  2 Oct 2020,40000
2020,President,polls-plus,10/2/2020,Trump,Biden,"",.005375,.005375,,269,16:34:03  2 Oct 2020,40000
2020,President,polls-plus,10/2/2020,Trump,Biden,"",.002525,.00495,,268,16:34:03  2 Oct 2020,40000
2020,President,polls-plus,10/2/2020,Trump,Biden,"",.00145,.0012,,267,16:34:03  2 Oct 2020,40000
2020,President,polls-plus,10/2/2020,Trump,Biden,"",.004075,.0019,,266,16:34:03  2 Oct 2020,40000
2020,President,polls-plus,10/2/2020,Trump,Biden,"",.007475,.0029,,265,16:34:03  2 Oct 2020,40000
2020,President,polls-plus,10/2/2020,Trump,Biden,"",.0049,.0027,,264,16:34:03  2 Oct 2020,40000
2020,President,polls-plus,10/2/2020,Trump,Biden,"",.002775,.003625,,263,16:34:03  2 Oct 2020,40000
2020,President,polls-plus,10/2/2020,Trump,Biden,"",.00165,.003175,,262,16:34:03  2 Oct 2020,40000
2020,President,polls-plus,10/2/2020,Trump,Biden,"",.0017,.00095,,261,16:34:03  2 Oct 2020,40000
2020,President,polls-plus,10/2/2020,Trump,Biden,"",.010575,.002275,,260,16:34:03  2 Oct 2020,40000
2020,President,polls-plus,10/2/2020,Trump,Biden,"",.00035,0,,26,16:34:03  2 Oct 2020,40000
2020,President,polls-plus,10/2/2020,Trump,Biden,"",.01845,.00485,,259,16:34:03  2 Oct 2020,40000
2020,President,polls-plus,10/2/2020,Trump,Biden,"",.007675,.004875,,258,16:34:03  2 Oct 2020,40000
2020,President,polls-plus,10/2/2020,Trump,Biden,"",.00145,.00175,,257,16:34:03  2 Oct 2020,40000
2020,President,polls-plus,10/2/2020,Trump,Biden,"",.003,.00165,,256,16:34:03  2 Oct 2020,40000
2020,President,polls-plus,10/2/2020,Trump,Biden,"",.002575,.002925,,255,16:34:03  2 Oct 2020,40000
2020,President,polls-plus,10/2/2020,Trump,Biden,"",.00285,.0034,,254,16:34:03  2 Oct 2020,40000
2020,President,polls-plus,10/2/2020,Trump,Biden,"",.003475,.0044,,253,16:34:03  2 Oct 2020,40000
2020,President,polls-plus,10/2/2020,Trump,Biden,"",.002125,.00415,,252,16:34:03  2 Oct 2020,40000
2020,President,polls-plus,10/2/2020,Trump,Biden,"",.001775,.00075,,251,16:34:03  2 Oct 2020,40000
2020,President,polls-plus,10/2/2020,Trump,Biden,"",.002975,.00135,,250,16:34:03  2 Oct 2020,40000
2020,President,polls-plus,10/2/2020,Trump,Biden,"",.00015,0,,25,16:34:03  2 Oct 2020,40000
2020,President,polls-plus,10/2/2020,Trump,Biden,"",.0064,.003175,,249,16:34:03  2 Oct 2020,40000
2020,President,polls-plus,10/2/2020,Trump,Biden,"",.01165,.00475,,248,16:34:03  2 Oct 2020,40000
2020,President,polls-plus,10/2/2020,Trump,Biden,"",.00505,.00185,,247,16:34:03  2 Oct 2020,40000
2020,President,polls-plus,10/2/2020,Trump,Biden,"",.0031,.002075,,246,16:34:03  2 Oct 2020,40000
2020,President,polls-plus,10/2/2020,Trump,Biden,"",.0034,.002125,,245,16:34:03  2 Oct 2020,40000
2020,President,polls-plus,10/2/2020,Trump,Biden,"",.0057,.003475,,244,16:34:03  2 Oct 2020,40000
2020,President,polls-plus,10/2/2020,Trump,Biden,"",.004175,.003475,,243,16:34:03  2 Oct 2020,40000
2020,President,polls-plus,10/2/2020,Trump,Biden,"",.001875,.005,,242,16:34:03  2 Oct 2020,40000
2020,President,polls-plus,10/2/2020,Trump,Biden,"",.005425,.00085,,241,16:34:03  2 Oct 2020,40000
2020,President,polls-plus,10/2/2020,Trump,Biden,"",.0065,.0009,,240,16:34:03  2 Oct 2020,40000
2020,President,polls-plus,10/2/2020,Trump,Biden,"",.0001,0,,24,16:34:03  2 Oct 2020,40000
2020,President,polls-plus,10/2/2020,Trump,Biden,"",.001875,.002175,,239,16:34:03  2 Oct 2020,40000
2020,President,polls-plus,10/2/2020,Trump,Biden,"",.0018,.0041,,238,16:34:03  2 Oct 2020,40000
2020,President,polls-plus,10/2/2020,Trump,Biden,"",.00275,.001875,,237,16:34:03  2 Oct 2020,40000
2020,President,polls-plus,10/2/2020,Trump,Biden,"",.002625,.0025,,236,16:34:03  2 Oct 2020,40000
2020,President,polls-plus,10/2/2020,Trump,Biden,"",.00325,.0013,,235,16:34:03  2 Oct 2020,40000
2020,President,polls-plus,10/2/2020,Trump,Biden,"",.003025,.0018,,234,16:34:03  2 Oct 2020,40000
2020,President,polls-plus,10/2/2020,Trump,Biden,"",.0029,.00205,,233,16:34:03  2 Oct 2020,40000
2020,President,polls-plus,10/2/2020,Trump,Biden,"",.003725,.00325,,232,16:34:03  2 Oct 2020,40000
2020,President,polls-plus,10/2/2020,Trump,Biden,"",.004425,.0009,,231,16:34:03  2 Oct 2020,40000
2020,President,polls-plus,10/2/2020,Trump,Biden,"",.0088,.001475,,230,16:34:03  2 Oct 2020,40000
2020,President,polls-plus,10/2/2020,Trump,Biden,"",.000125,0,,23,16:34:03  2 Oct 2020,40000
2020,President,polls-plus,10/2/2020,Trump,Biden,"",.006,.002225,,229,16:34:03  2 Oct 2020,40000
2020,President,polls-plus,10/2/2020,Trump,Biden,"",.00235,.003675,,228,16:34:03  2 Oct 2020,40000
2020,President,polls-plus,10/2/2020,Trump,Biden,"",.00195,.00265,,227,16:34:03  2 Oct 2020,40000
2020,President,polls-plus,10/2/2020,Trump,Biden,"",.003725,.00475,,226,16:34:03  2 Oct 2020,40000
2020,President,polls-plus,10/2/2020,Trump,Biden,"",.00625,.00125,,225,16:34:03  2 Oct 2020,40000
2020,President,polls-plus,10/2/2020,Trump,Biden,"",.0039,.0009,,224,16:34:03  2 Oct 2020,40000
2020,President,polls-plus,10/2/2020,Trump,Biden,"",.0043,.001525,,223,16:34:03  2 Oct 2020,40000
2020,President,polls-plus,10/2/2020,Trump,Biden,"",.002825,.00345,,222,16:34:03  2 Oct 2020,40000
2020,President,polls-plus,10/2/2020,Trump,Biden,"",.0021,.0012,,221,16:34:03  2 Oct 2020,40000
2020,President,polls-plus,10/2/2020,Trump,Biden,"",.00665,.00185,,220,16:34:03  2 Oct 2020,40000
2020,President,polls-plus,10/2/2020,Trump,Biden,"",.000125,0,,22,16:34:03  2 Oct 2020,40000
2020,President,polls-plus,10/2/2020,Trump,Biden,"",.016325,.001625,,219,16:34:03  2 Oct 2020,40000
2020,President,polls-plus,10/2/2020,Trump,Biden,"",.0059,.001875,,218,16:34:03  2 Oct 2020,40000
2020,President,polls-plus,10/2/2020,Trump,Biden,"",.00225,.00185,,217,16:34:03  2 Oct 2020,40000
2020,President,polls-plus,10/2/2020,Trump,Biden,"",.003975,.00315,,216,16:34:03  2 Oct 2020,40000
2020,President,polls-plus,10/2/2020,Trump,Biden,"",.005075,.001,,215,16:34:03  2 Oct 2020,40000
2020,President,polls-plus,10/2/2020,Trump,Biden,"",.00505,.0009,,214,16:34:03  2 Oct 2020,40000
2020,President,polls-plus,10/2/2020,Trump,Biden,"",.00355,.0025,,213,16:34:03  2 Oct 2020,40000
2020,President,polls-plus,10/2/2020,Trump,Biden,"",.003825,.00405,,212,16:34:03  2 Oct 2020,40000
2020,President,polls-plus,10/2/2020,Trump,Biden,"",.004075,.00155,,211,16:34:03  2 Oct 2020,40000
2020,President,polls-plus,10/2/2020,Trump,Biden,"",.00255,.0037,,210,16:34:03  2 Oct 2020,40000
2020,President,polls-plus,10/2/2020,Trump,Biden,"",.000125,0,,21,16:34:03  2 Oct 2020,40000
2020,President,polls-plus,10/2/2020,Trump,Biden,"",.0032,.00155,,209,16:34:03  2 Oct 2020,40000
2020,President,polls-plus,10/2/2020,Trump,Biden,"",.0032,.0008,,208,16:34:03  2 Oct 2020,40000
2020,President,polls-plus,10/2/2020,Trump,Biden,"",.002475,.0022,,207,16:34:03  2 Oct 2020,40000
2020,President,polls-plus,10/2/2020,Trump,Biden,"",.002125,.000975,,206,16:34:03  2 Oct 2020,40000
2020,President,polls-plus,10/2/2020,Trump,Biden,"",.004,.001,,205,16:34:03  2 Oct 2020,40000
2020,President,polls-plus,10/2/2020,Trump,Biden,"",.00715,.0009,,204,16:34:03  2 Oct 2020,40000
2020,President,polls-plus,10/2/2020,Trump,Biden,"",.007375,.004325,,203,16:34:03  2 Oct 2020,40000
2020,President,polls-plus,10/2/2020,Trump,Biden,"",.00345,.0007,,202,16:34:03  2 Oct 2020,40000
2020,President,polls-plus,10/2/2020,Trump,Biden,"",.006875,.0041,,201,16:34:03  2 Oct 2020,40000
2020,President,polls-plus,10/2/2020,Trump,Biden,"",.008575,.00175,,200,16:34:03  2 Oct 2020,40000
2020,President,polls-plus,10/2/2020,Trump,Biden,"",.00005,0,,20,16:34:03  2 Oct 2020,40000
2020,President,polls-plus,10/2/2020,Trump,Biden,"",0,0,,2,16:34:03  2 Oct 2020,40000
2020,President,polls-plus,10/2/2020,Trump,Biden,"",.003125,.0013,,199,16:34:03  2 Oct 2020,40000
2020,President,polls-plus,10/2/2020,Trump,Biden,"",.003075,.001075,,198,16:34:03  2 Oct 2020,40000
2020,President,polls-plus,10/2/2020,Trump,Biden,"",.0049,.001125,,197,16:34:03  2 Oct 2020,40000
2020,President,polls-plus,10/2/2020,Trump,Biden,"",.005075,.002375,,196,16:34:03  2 Oct 2020,40000
2020,President,polls-plus,10/2/2020,Trump,Biden,"",.0036,.0005,,195,16:34:03  2 Oct 2020,40000
2020,President,polls-plus,10/2/2020,Trump,Biden,"",.00655,.002175,,194,16:34:03  2 Oct 2020,40000
2020,President,polls-plus,10/2/2020,Trump,Biden,"",.001925,.000975,,193,16:34:03  2 Oct 2020,40000
2020,President,polls-plus,10/2/2020,Trump,Biden,"",.0027,.000525,,192,16:34:03  2 Oct 2020,40000
2020,President,polls-plus,10/2/2020,Trump,Biden,"",.00365,.000675,,191,16:34:03  2 Oct 2020,40000
2020,President,polls-plus,10/2/2020,Trump,Biden,"",.003625,.001475,,190,16:34:03  2 Oct 2020,40000
2020,President,polls-plus,10/2/2020,Trump,Biden,"",.00015,0,,19,16:34:03  2 Oct 2020,40000
2020,President,polls-plus,10/2/2020,Trump,Biden,"",.002925,.0021,,189,16:34:03  2 Oct 2020,40000
2020,President,polls-plus,10/2/2020,Trump,Biden,"",.0074,.00265,,188,16:34:03  2 Oct 2020,40000
2020,President,polls-plus,10/2/2020,Trump,Biden,"",.003975,.00055,,187,16:34:03  2 Oct 2020,40000
2020,President,polls-plus,10/2/2020,Trump,Biden,"",.00765,.00045,,186,16:34:03  2 Oct 2020,40000
2020,President,polls-plus,10/2/2020,Trump,Biden,"",.013825,.00095,,185,16:34:03  2 Oct 2020,40000
2020,President,polls-plus,10/2/2020,Trump,Biden,"",.002825,.00025,,184,16:34:03  2 Oct 2020,40000
2020,President,polls-plus,10/2/2020,Trump,Biden,"",.001725,.00185,,183,16:34:03  2 Oct 2020,40000
2020,President,polls-plus,10/2/2020,Trump,Biden,"",.004025,.000325,,182,16:34:03  2 Oct 2020,40000
2020,President,polls-plus,10/2/2020,Trump,Biden,"",.004525,.00125,,181,16:34:03  2 Oct 2020,40000
2020,President,polls-plus,10/2/2020,Trump,Biden,"",.00545,.0006,,180,16:34:03  2 Oct 2020,40000
2020,President,polls-plus,10/2/2020,Trump,Biden,"",.000075,0,,18,16:34:03  2 Oct 2020,40000
2020,President,polls-plus,10/2/2020,Trump,Biden,"",.01405,.0002,,179,16:34:03  2 Oct 2020,40000
2020,President,polls-plus,10/2/2020,Trump,Biden,"",.00245,.0004,,178,16:34:03  2 Oct 2020,40000
2020,President,polls-plus,10/2/2020,Trump,Biden,"",.00175,.000425,,177,16:34:03  2 Oct 2020,40000
2020,President,polls-plus,10/2/2020,Trump,Biden,"",.0058,.00185,,176,16:34:03  2 Oct 2020,40000
2020,President,polls-plus,10/2/2020,Trump,Biden,"",.002625,.0008,,175,16:34:03  2 Oct 2020,40000
2020,President,polls-plus,10/2/2020,Trump,Biden,"",.003775,.000175,,174,16:34:03  2 Oct 2020,40000
2020,President,polls-plus,10/2/2020,Trump,Biden,"",.00385,.0001,,173,16:34:03  2 Oct 2020,40000
2020,President,polls-plus,10/2/2020,Trump,Biden,"",.00165,.0004,,172,16:34:03  2 Oct 2020,40000
2020,President,polls-plus,10/2/2020,Trump,Biden,"",.00185,.000325,,171,16:34:03  2 Oct 2020,40000
2020,President,polls-plus,10/2/2020,Trump,Biden,"",.00995,.000275,,170,16:34:03  2 Oct 2020,40000
2020,President,polls-plus,10/2/2020,Trump,Biden,"",.0002,0,,17,16:34:03  2 Oct 2020,40000
2020,President,polls-plus,10/2/2020,Trump,Biden,"",.0112,.000275,,169,16:34:03  2 Oct 2020,40000
2020,President,polls-plus,10/2/2020,Trump,Biden,"",.0015,.000175,,168,16:34:03  2 Oct 2020,40000
2020,President,polls-plus,10/2/2020,Trump,Biden,"",.002225,.000175,,167,16:34:03  2 Oct 2020,40000
2020,President,polls-plus,10/2/2020,Trump,Biden,"",.004,.0002,,166,16:34:03  2 Oct 2020,40000
2020,President,polls-plus,10/2/2020,Trump,Biden,"",.001875,.0002,,165,16:34:03  2 Oct 2020,40000
2020,President,polls-plus,10/2/2020,Trump,Biden,"",.0056,.000275,,164,16:34:03  2 Oct 2020,40000
2020,President,polls-plus,10/2/2020,Trump,Biden,"",.0218,.000375,,163,16:34:03  2 Oct 2020,40000
2020,President,polls-plus,10/2/2020,Trump,Biden,"",.00175,.000325,,162,16:34:03  2 Oct 2020,40000
2020,President,polls-plus,10/2/2020,Trump,Biden,"",.002025,.00015,,161,16:34:03  2 Oct 2020,40000
2020,President,polls-plus,10/2/2020,Trump,Biden,"",.008275,.00025,,160,16:34:03  2 Oct 2020,40000
2020,President,polls-plus,10/2/2020,Trump,Biden,"",.000275,0,,16,16:34:03  2 Oct 2020,40000
2020,President,polls-plus,10/2/2020,Trump,Biden,"",.0016,.000175,,159,16:34:03  2 Oct 2020,40000
2020,President,polls-plus,10/2/2020,Trump,Biden,"",.001825,.000125,,158,16:34:03  2 Oct 2020,40000
2020,President,polls-plus,10/2/2020,Trump,Biden,"",.005075,.000175,,157,16:34:03  2 Oct 2020,40000
2020,President,polls-plus,10/2/2020,Trump,Biden,"",.001675,.000325,,156,16:34:03  2 Oct 2020,40000
2020,President,polls-plus,10/2/2020,Trump,Biden,"",.0016,.000275,,155,16:34:03  2 Oct 2020,40000
2020,President,polls-plus,10/2/2020,Trump,Biden,"",.00315,.000075,,154,16:34:03  2 Oct 2020,40000
2020,President,polls-plus,10/2/2020,Trump,Biden,"",.001625,.000025,,153,16:34:03  2 Oct 2020,40000
2020,President,polls-plus,10/2/2020,Trump,Biden,"",.00135,.000175,,152,16:34:03  2 Oct 2020,40000
2020,President,polls-plus,10/2/2020,Trump,Biden,"",.002325,.0001,,151,16:34:03  2 Oct 2020,40000
2020,President,polls-plus,10/2/2020,Trump,Biden,"",.00455,.0001,,150,16:34:03  2 Oct 2020,40000
2020,President,polls-plus,10/2/2020,Trump,Biden,"",.000025,0,,15,16:34:03  2 Oct 2020,40000
2020,President,polls-plus,10/2/2020,Trump,Biden,"",.00185,.00015,,149,16:34:03  2 Oct 2020,40000
2020,President,polls-plus,10/2/2020,Trump,Biden,"",.0031,.000125,,148,16:34:03  2 Oct 2020,40000
2020,President,polls-plus,10/2/2020,Trump,Biden,"",.003775,.000025,,147,16:34:03  2 Oct 2020,40000
2020,President,polls-plus,10/2/2020,Trump,Biden,"",.0018,.000125,,146,16:34:03  2 Oct 2020,40000
2020,President,polls-plus,10/2/2020,Trump,Biden,"",.001225,.0001,,145,16:34:03  2 Oct 2020,40000
2020,President,polls-plus,10/2/2020,Trump,Biden,"",.00235,.000075,,144,16:34:03  2 Oct 2020,40000
2020,President,polls-plus,10/2/2020,Trump,Biden,"",.0018,.000025,,143,16:34:03  2 Oct 2020,40000
2020,President,polls-plus,10/2/2020,Trump,Biden,"",.0022,.0002,,142,16:34:03  2 Oct 2020,40000
2020,President,polls-plus,10/2/2020,Trump,Biden,"",.005875,.0001,,141,16:34:03  2 Oct 2020,40000
2020,President,polls-plus,10/2/2020,Trump,Biden,"",.001475,.000175,,140,16:34:03  2 Oct 2020,40000
2020,President,polls-plus,10/2/2020,Trump,Biden,"",.000175,0,,14,16:34:03  2 Oct 2020,40000
2020,President,polls-plus,10/2/2020,Trump,Biden,"",.00115,.000075,,139,16:34:03  2 Oct 2020,40000
2020,President,polls-plus,10/2/2020,Trump,Biden,"",.003475,.000075,,138,16:34:03  2 Oct 2020,40000
2020,President,polls-plus,10/2/2020,Trump,Biden,"",.001425,.0001,,137,16:34:03  2 Oct 2020,40000
2020,President,polls-plus,10/2/2020,Trump,Biden,"",.001875,.00005,,136,16:34:03  2 Oct 2020,40000
2020,President,polls-plus,10/2/2020,Trump,Biden,"",.00235,.00005,,135,16:34:03  2 Oct 2020,40000
2020,President,polls-plus,10/2/2020,Trump,Biden,"",.001525,.0002,,134,16:34:03  2 Oct 2020,40000
2020,President,polls-plus,10/2/2020,Trump,Biden,"",.001025,.00005,,133,16:34:03  2 Oct 2020,40000
2020,President,polls-plus,10/2/2020,Trump,Biden,"",.0072,0,,132,16:34:03  2 Oct 2020,40000
2020,President,polls-plus,10/2/2020,Trump,Biden,"",.0061,.00015,,131,16:34:03  2 Oct 2020,40000
2020,President,polls-plus,10/2/2020,Trump,Biden,"",.0012,.00015,,130,16:34:03  2 Oct 2020,40000
2020,President,polls-plus,10/2/2020,Trump,Biden,"",.00005,0,,13,16:34:03  2 Oct 2020,40000
2020,President,polls-plus,10/2/2020,Trump,Biden,"",.001875,.000025,,129,16:34:03  2 Oct 2020,40000
2020,President,polls-plus,10/2/2020,Trump,Biden,"",.00245,0,,128,16:34:03  2 Oct 2020,40000
2020,President,polls-plus,10/2/2020,Trump,Biden,"",.0012,.000075,,127,16:34:03  2 Oct 2020,40000
2020,President,polls-plus,10/2/2020,Trump,Biden,"",.0086,.000075,,126,16:34:03  2 Oct 2020,40000
2020,President,polls-plus,10/2/2020,Trump,Biden,"",.025875,.00005,,125,16:34:03  2 Oct 2020,40000
2020,President,polls-plus,10/2/2020,Trump,Biden,"",.00135,0,,124,16:34:03  2 Oct 2020,40000
2020,President,polls-plus,10/2/2020,Trump,Biden,"",.0032,.00005,,123,16:34:03  2 Oct 2020,40000
2020,President,polls-plus,10/2/2020,Trump,Biden,"",.01705,0,,122,16:34:03  2 Oct 2020,40000
2020,President,polls-plus,10/2/2020,Trump,Biden,"",.001775,.000025,,121,16:34:03  2 Oct 2020,40000
2020,President,polls-plus,10/2/2020,Trump,Biden,"",.0018,0,,120,16:34:03  2 Oct 2020,40000
2020,President,polls-plus,10/2/2020,Trump,Biden,"",.000025,0,,12,16:34:03  2 Oct 2020,40000
2020,President,polls-plus,10/2/2020,Trump,Biden,"",.00925,0,,119,16:34:03  2 Oct 2020,40000
2020,President,polls-plus,10/2/2020,Trump,Biden,"",.0018,.000025,,118,16:34:03  2 Oct 2020,40000
2020,President,polls-plus,10/2/2020,Trump,Biden,"",.0027,0,,117,16:34:03  2 Oct 2020,40000
2020,President,polls-plus,10/2/2020,Trump,Biden,"",.00835,.00005,,116,16:34:03  2 Oct 2020,40000
2020,President,polls-plus,10/2/2020,Trump,Biden,"",.002725,.000075,,115,16:34:03  2 Oct 2020,40000
2020,President,polls-plus,10/2/2020,Trump,Biden,"",.001375,.00005,,114,16:34:03  2 Oct 2020,40000
2020,President,polls-plus,10/2/2020,Trump,Biden,"",.006525,.00005,,113,16:34:03  2 Oct 2020,40000
2020,President,polls-plus,10/2/2020,Trump,Biden,"",.0036,.00005,,112,16:34:03  2 Oct 2020,40000
2020,President,polls-plus,10/2/2020,Trump,Biden,"",.002225,0,,111,16:34:03  2 Oct 2020,40000
2020,President,polls-plus,10/2/2020,Trump,Biden,"",.005375,.000025,,110,16:34:03  2 Oct 2020,40000
2020,President,polls-plus,10/2/2020,Trump,Biden,"",.000125,0,,11,16:34:03  2 Oct 2020,40000
2020,President,polls-plus,10/2/2020,Trump,Biden,"",.0039,.000025,,109,16:34:03  2 Oct 2020,40000
2020,President,polls-plus,10/2/2020,Trump,Biden,"",.001775,.000025,,108,16:34:03  2 Oct 2020,40000
2020,President,polls-plus,10/2/2020,Trump,Biden,"",.003,0,,107,16:34:03  2 Oct 2020,40000
2020,President,polls-plus,10/2/2020,Trump,Biden,"",.002375,0,,106,16:34:03  2 Oct 2020,40000
2020,President,polls-plus,10/2/2020,Trump,Biden,"",.001325,0,,105,16:34:03  2 Oct 2020,40000
2020,President,polls-plus,10/2/2020,Trump,Biden,"",.002775,0,,104,16:34:03  2 Oct 2020,40000
2020,President,polls-plus,10/2/2020,Trump,Biden,"",.0046,0,,103,16:34:03  2 Oct 2020,40000
2020,President,polls-plus,10/2/2020,Trump,Biden,"",.00365,0,,102,16:34:03  2 Oct 2020,40000
2020,President,polls-plus,10/2/2020,Trump,Biden,"",.001575,0,,101,16:34:03  2 Oct 2020,40000
2020,President,polls-plus,10/2/2020,Trump,Biden,"",.00295,.000025,,100,16:34:03  2 Oct 2020,40000
2020,President,polls-plus,10/2/2020,Trump,Biden,"",.00015,0,,10,16:34:03  2 Oct 2020,40000
2020,President,polls-plus,10/2/2020,Trump,Biden,"",.000125,0,,1,16:34:03  2 Oct 2020,40000
2020,President,polls-plus,10/2/2020,Trump,Biden,"",.000025,0,,0,16:34:03  2 Oct 2020,40000
